state,latitude,longitude,yield_1981,yield_1982,yield_1983,yield_1984,yield_1985,yield_1986,yield_1987,yield_1988,yield_1989,yield_1990,yield_1991,yield_1992,yield_1993,yield_1994,yield_1995,yield_1996,yield_1997,yield_1998,yield_1999,yield_2000,yield_2001,yield_2002,yield_2003,yield_2004,yield_2005,yield_2006,yield_2007,yield_2008,yield_2009,yield_2010,yield_2011,yield_2012,yield_2013,yield_2014,average_temp_1981,average_temp_1982,average_temp_1983,average_temp_1984,average_temp_1985,average_temp_1986,average_temp_1987,average_temp_1988,average_temp_1989,average_temp_1990,average_temp_1991,average_temp_1992,average_temp_1993,average_temp_1994,average_temp_1995,average_temp_1996,average_temp_1997,average_temp_1998,average_temp_1999,average_temp_2000,average_temp_2001,average_temp_2002,average_temp_2003,average_temp_2004,average_temp_2005,average_temp_2006,average_temp_2007,average_temp_2008,average_temp_2009,average_temp_2010,average_temp_2011,average_temp_2012,average_temp_2013,average_temp_2014
Alabama,32.67307692307692,-86.74230769230769,0.0,0.0,0.0,0.0,0.0,0.0,0.0,0.0,0.0,0.0,0.0,0.0,0.0,0.0,0.0,0.0,0.0,0.0,0.0,0.0,0.0,0.0,0.0,0.0,0.0,0.0,0.0,0.0,0.0,0.0,0.0,0.0,0.0,0.0,17.009102564102562,17.7024358974359,16.457307692307694,17.362564102564104,17.40012820512821,18.069871794871798,17.3974358974359,16.924871794871795,17.01102564102564,18.522948717948715,17.921923076923076,16.891153846153845,16.98935897435897,17.385384615384616,17.36551282051282,16.868717948717947,17.016666666666666,18.480256410256406,17.93076923076923,17.636666666666667,17.386923076923075,17.667820512820512,17.205769230769235,17.47,17.542564102564103,18.00384615384616,18.094358974358975,17.2375641025641,17.26282051282051,17.0874358974359,17.745384615384616,18.352051282051285,17.09012820512821,16.768205128205132
Arizona,34.25,-112.0,0.0,0.0,0.0,0.0,0.0,0.0,0.0,0.0,0.0,0.0,0.0,0.0,0.0,0.0,0.0,0.0,0.0,0.0,0.0,0.0,0.0,0.0,0.0,0.0,0.0,0.0,0.0,0.0,0.0,0.0,0.0,0.0,0.0,0.0,17.09659090909091,15.632765151515148,15.93453282828283,16.042171717171716,16.09532828282828,16.622727272727275,16.004166666666666,16.425189393939394,16.987121212121206,16.14703282828283,15.912058080808078,16.11628787878788,16.230303030303027,16.60486111111111,16.842613636363637,17.314141414141414,16.572411616161617,15.804924242424242,16.626830808080808,17.120138888888892,16.87563131313131,16.854545454545455,17.2530303030303,16.4635101010101,16.827398989898988,16.78080808080808,17.017739898989895,16.521212121212123,16.771401515151513,16.30296717171717,16.211553030303033,17.208901515151517,16.291729797979798,17.364078282828288
Arkansas,34.75,-92.0,1.0772099828571429,5.43720372,5.596348277142856,5.65272728,6.316266974285713,6.5125063,6.412528917142856,6.139918211428572,6.445415939999999,6.423817267142857,6.471950010000001,6.395662018571429,6.128060007142857,6.590997872857143,6.241131042857142,6.899888852857143,6.669413772857141,6.4607649971428565,6.681310182857142,6.886262095714286,7.194454364285714,7.401643419999998,7.4796632714285725,7.810751960000001,7.459605787142857,7.807085685714285,7.666983504285713,7.653024164285713,8.095213597142854,7.250696505714287,6.561946968571429,6.649618838571428,7.123531077142857,7.02878184,16.10940476190476,16.015833333333333,15.395357142857145,16.03892857142857,15.90285714285714,16.813928571428573,16.528928571428573,15.832380952380952,15.354642857142858,16.94928571428571,16.5777380952381,15.743333333333332,15.439285714285711,16.057380952380953,16.08607142857143,15.610357142857149,15.604761904761904,17.487023809523805,16.913571428571426,16.230833333333333,16.33047619047619,15.990952380952375,15.793214285714283,16.231190476190477,16.718928571428563,16.765476190476193,16.740357142857142,15.621309523809526,15.687142857142856,16.32928571428572,16.655714285714286,17.597857142857144,15.482619047619048,14.93988095238095
California,38.19839857651245,-118.4991103202847,0.043574967259786476,0.4724002391459075,0.49458752953736657,0.4892634747330961,0.5212525192170818,0.5702885868327402,0.5358693957295374,0.5319051665480427,0.6194888572953737,0.543021837366548,0.5992842419928825,0.5364774188612099,0.5850864231316727,0.6099691131672599,0.5425571145907474,0.6027514900355873,0.585944209252669,0.564801284341637,0.5385898562277581,0.6279898722419929,0.5924703444839857,0.6501280206405694,0.6747022544483986,0.6718666434163701,0.6201303676156584,0.6732914060498222,0.701101840569395,0.6497238135231316,0.6843188067615658,0.6538322832740213,0.54020841886121,0.5261750754448398,0.5678964829181494,0.5366753704626335,12.867734282325028,11.031316725978648,11.769750889679717,11.804211150652431,11.429151838671414,12.582710557532621,12.160735468564651,12.311239620403322,11.914205219454331,11.81379003558719,11.86032028469751,12.586832740213524,11.412010676156582,12.011981020166074,12.343653618030842,12.699051008303677,12.274436536180307,11.170225385527875,11.865421115065244,12.329389086595492,12.448042704626335,12.201334519572953,12.70732502965599,12.228321470937127,12.099139976275207,12.148576512455517,12.37144128113879,12.099199288256228,12.066043890865956,11.616459074733095,11.407799525504151,12.736061684460262,12.213167259786477,13.479478054567023
Colorado,39.0,-105.5,0.0,0.0,0.0,0.0,0.0,0.0,0.0,0.0,0.0,0.0,0.0,0.0,0.0,0.0,0.0,0.0,0.0,0.0,0.0,0.0,0.0,0.0,0.0,0.0,0.0,0.0,0.0,0.0,0.0,0.0,0.0,0.0,0.0,0.0,8.513541666666667,6.831994047619048,6.955803571428571,6.512574404761905,6.727380952380953,7.879017857142857,7.304017857142858,7.192931547619048,7.233928571428573,7.336904761904762,7.034300595238095,7.1031249999999995,6.318303571428572,7.794940476190476,7.338020833333333,7.412946428571429,6.847693452380952,7.621800595238095,7.851488095238096,8.043154761904761,7.963095238095238,7.572619047619049,8.11547619047619,7.452232142857143,7.987723214285714,7.836979166666667,7.620238095238095,6.9584077380952385,7.080208333333333,7.576041666666667,7.156101190476191,8.771949404761905,7.02797619047619,7.561160714285714
Connecticut,41.625,-72.875,0.0,0.0,0.0,0.0,0.0,0.0,0.0,0.0,0.0,0.0,0.0,0.0,0.0,0.0,0.0,0.0,0.0,0.0,0.0,0.0,0.0,0.0,0.0,0.0,0.0,0.0,0.0,0.0,0.0,0.0,0.0,0.0,0.0,0.0,9.595833333333333,9.31875,10.154166666666669,9.827083333333333,9.68125,9.622916666666665,9.777083333333334,9.55,9.285416666666666,10.922916666666666,10.920833333333333,9.03125,9.489583333333334,9.45625,9.470833333333333,9.3125,9.506250000000001,11.070833333333333,10.704166666666666,9.458333333333332,10.445833333333333,10.533333333333333,9.21875,9.595833333333333,9.914583333333335,10.833333333333334,10.006250000000001,10.072916666666666,9.529166666666667,10.968750000000002,10.629166666666666,11.470833333333331,10.0,9.345833333333333
Delaware,39.25,-75.55,0.0,0.0,0.0,0.0,0.0,0.0,0.0,0.0,0.0,0.0,0.0,0.0,0.0,0.0,0.0,0.0,0.0,0.0,0.0,0.0,0.0,0.0,0.0,0.0,0.0,0.0,0.0,0.0,0.0,0.0,0.0,0.0,0.0,0.0,12.421666666666667,12.636666666666667,13.086666666666668,12.908333333333331,13.265,13.199999999999998,13.118333333333334,12.613333333333333,12.581666666666667,14.209999999999999,14.096666666666668,12.434999999999999,12.926666666666666,12.985000000000003,13.12,12.396666666666667,12.938333333333336,14.183333333333334,13.591666666666665,12.583333333333332,13.281666666666666,13.875,12.330000000000002,12.953333333333333,12.99666666666667,13.88,13.216666666666669,13.233333333333334,12.753333333333334,13.436666666666667,13.796666666666667,14.273333333333335,12.873333333333335,12.31
Florida,28.580188679245282,-82.02358490566037,0.0,0.0,0.0,0.0,0.0,0.0,0.0,0.0,0.0,0.0,0.0,0.0,0.0,0.0,0.0,0.0,0.0,0.0,0.0,0.0,0.0,0.0,0.0,0.0,0.0,0.0,0.0,0.0,0.0,0.0,0.0,0.0,0.0,0.0,21.100314465408808,22.342138364779878,21.101886792452827,21.43867924528302,21.88443396226415,22.258018867924527,21.447169811320755,21.223899371069177,21.925157232704397,22.783018867924525,22.399213836477983,21.463679245283025,21.53584905660377,22.219968553459115,21.746226415094345,21.25707547169811,21.96336477987421,22.621069182389935,21.9059748427673,21.4627358490566,21.72327044025157,22.00676100628931,21.741509433962264,21.66745283018868,21.676572327044024,21.94009433962264,22.161792452830184,21.654402515723273,21.854245283018866,20.747012578616353,22.11918238993711,22.156446540880506,22.01572327044025,21.577358490566034
Georgia,33.04838709677419,-83.05645161290323,0.0,0.0,0.0,0.0,0.0,0.0,0.0,0.0,0.0,0.0,0.0,0.0,0.0,0.0,0.0,0.0,0.0,0.0,0.0,0.0,0.0,0.0,0.0,0.0,0.0,0.0,0.0,0.0,0.0,0.0,0.0,0.0,0.0,0.0,16.85,17.68844086021505,16.66706989247312,17.419354838709673,17.686155913978492,18.351747311827957,17.351478494623652,16.83266129032258,17.263575268817206,18.649327956989247,17.995967741935488,16.986021505376343,17.3236559139785,17.403629032258063,17.318279569892475,16.8375,17.047446236559143,18.381720430107528,17.677822580645163,17.03534946236559,17.34704301075269,17.60134408602151,17.04744623655914,17.449865591397852,17.387634408602153,17.79059139784946,17.94596774193549,17.243817204301077,17.15981182795699,17.00403225806452,17.974865591397844,18.336424731182795,17.160618279569892,17.051209677419354
Idaho,45.5,-114.0,0.0,0.0,0.0,0.0,0.0,0.0,0.0,0.0,0.0,0.0,0.0,0.0,0.0,0.0,0.0,0.0,0.0,0.0,0.0,0.0,0.0,0.0,0.0,0.0,0.0,0.0,0.0,0.0,0.0,0.0,0.0,0.0,0.0,0.0,6.118551587301588,4.162103174603175,5.198065476190477,4.390525793650793,3.531746031746031,5.800396825396825,6.091121031746032,5.909771825396826,4.819196428571429,5.295486111111111,5.27281746031746,6.0247519841269845,3.836011904761905,5.714682539682539,5.157986111111111,4.59280753968254,5.028918650793651,5.814087301587302,5.504662698412699,5.399305555555555,5.742906746031746,4.895486111111111,6.199553571428572,5.734821428571429,5.411111111111111,5.857043650793651,6.1,4.835069444444445,4.919295634920634,5.196676587301587,4.768799603174603,6.22063492063492,5.522371031746032,5.831994047619048
Illinois,39.75,-89.5,0.0,0.22575952954545456,0.21585663181818182,0.2433662522727273,0.2465591568181818,0.2785070568181818,0.26819331818181813,0.26354416477272724,0.296322875,0.26084485227272725,0.262255459090909,0.26353736363636365,0.2565966340909091,0.27698418863636365,0.25821567045454547,0.2772527840909091,0.26679840113636366,0.26277644659090904,0.2708701931818182,0.29795490454545454,0.30850717045454545,0.3058668636363637,0.29249162500000003,0.30930059886363637,0.2915718977272727,0.3205542159090909,0.3112189431818182,0.3076258034090909,0.2914086022727273,0.28884608522727273,0.2114272727272727,0.21723529545454545,0.23266239772727274,0.24893185227272727,11.544034090909092,10.956439393939394,11.548958333333333,11.493276515151514,10.80842803030303,12.005113636363633,12.627746212121213,11.545265151515151,10.63125,12.401420454545452,12.451231060606062,11.493371212121211,10.871969696969698,11.488162878787877,11.2875,10.414488636363636,10.850094696969697,13.11344696969697,12.23683712121212,11.459375,12.048200757575756,11.95464015151515,11.15965909090909,11.658238636363636,12.214867424242424,12.426893939393942,12.267613636363638,10.732575757575757,11.04346590909091,11.846401515151513,12.04535984848485,13.468371212121212,10.880113636363635,10.058522727272727
Indiana,40.0,-86.25,0.0,0.0,0.0,0.0,0.0,0.0,0.0,0.0,0.0,0.0,0.0,0.0,0.0,0.0,0.0,0.0,0.0,0.0,0.0,0.0,0.0,0.0,0.0,0.0,0.0,0.0,0.0,0.0,0.0,0.0,0.0,0.0,0.0,0.0,10.779791666666668,10.665416666666665,11.312291666666667,10.99375,10.8025,11.5075,11.950624999999999,10.910625,10.245833333333334,11.941875000000001,12.146458333333333,10.794583333333334,10.523124999999999,10.933125,10.945208333333333,10.114375,10.351041666666665,12.815208333333334,11.880833333333333,10.981458333333332,11.854791666666667,11.778125,10.700208333333332,11.350208333333333,11.678125,11.947916666666668,11.88125,10.609583333333333,10.730833333333333,11.531666666666668,11.691875,12.82375,10.694374999999999,9.702916666666667
Iowa,42.09090909090909,-93.70454545454545,0.0,0.0,0.0,0.0,0.0,0.0,0.0,0.0,0.0,0.0,0.0,0.0,0.0,0.0,0.0,0.0,0.0,0.0,0.0,0.0,0.0,0.0,0.0,0.0,0.0,0.0,0.0,0.0,0.0,0.0,0.0,0.0,0.0,0.0,9.854924242424241,8.23169191919192,9.058459595959595,9.153661616161616,8.107070707070706,9.577020202020202,10.974116161616163,9.609343434343435,8.332323232323231,9.910353535353536,9.407828282828282,9.002020202020201,7.758333333333333,8.766666666666667,8.676010101010101,7.492676767676768,8.574621212121214,10.603914141414142,9.930934343434343,9.321085858585858,9.51881313131313,9.552272727272726,8.81540404040404,9.16161616161616,9.800126262626263,10.157954545454546,9.379419191919192,7.772222222222223,8.220833333333333,9.036616161616163,9.121590909090909,11.131818181818183,8.12739898989899,7.546085858585858
Kansas,38.5,-98.25,0.0,0.0,0.0,0.0,0.0,0.0,0.0,0.0,0.0,0.0,0.0,0.0,0.0,0.0,0.0,0.0,0.0,0.0,0.0,0.0,0.0,0.0,0.0,0.0,0.0,0.0,0.0,0.0,0.0,0.0,0.0,0.0,0.0,0.0,13.380370370370368,11.898888888888887,11.938611111111113,12.363148148148147,11.56675925925926,13.59722222222222,13.212314814814812,12.773055555555556,11.88703703703704,13.224166666666669,13.321944444444446,12.41675925925926,11.177314814814814,12.830277777777779,12.241481481481483,11.685555555555554,11.984074074074073,13.404907407407407,13.218333333333337,12.925833333333332,13.122129629629628,12.694537037037039,12.525277777777779,12.604259259259258,13.012314814814813,13.562777777777777,12.582037037037038,11.72814814814815,11.7375,12.66675925925926,12.638518518518518,14.31935185185185,11.798703703703703,11.800833333333333
Kentucky,37.515306122448976,-84.75,0.0,0.11403291020408163,0.10086426530612246,0.11308100816326536,0.12122558163265307,0.1370601836734694,0.12820308163265307,0.12617563265306123,0.1367949081632653,0.1234564,0.12485715306122448,0.13226897346938776,0.12274872448979592,0.13887148979591837,0.11903190612244902,0.13337404897959185,0.13344178979591836,0.11915772244897961,0.14230067346938774,0.14631458163265307,0.16302952448979594,0.13332276530612244,0.14766238775510207,0.14734332653061225,0.1417445163265306,0.16209581020408162,0.15204831632653062,0.15164953061224495,0.1442014530612245,0.13803516326530613,0.12815801428571427,0.14829337755102043,0.1500897142857143,0.18562077551020406,12.481972789115645,13.088775510204082,12.920068027210883,13.075850340136057,12.90969387755102,13.680102040816324,13.592857142857143,12.747278911564626,12.51938775510204,14.050510204081633,13.99404761904762,12.666496598639457,12.720068027210885,12.978061224489798,12.952040816326532,12.356802721088435,12.464795918367347,14.42108843537415,13.86921768707483,13.023469387755103,13.511734693877552,13.66972789115646,12.82380952380952,13.46904761904762,13.606632653061222,13.613775510204086,14.11921768707483,12.80408163265306,12.781802721088432,13.085034013605444,13.610204081632652,14.306122448979592,12.573129251700678,12.15731292517007
Louisiana,31.25735294117647,-91.50735294117646,0.4383761529411765,3.387181545588235,3.518204580882353,3.5142996676470584,4.078114047058824,4.175351864705882,3.778919058823529,3.968012342647059,4.145858886764707,4.144413024999999,3.9571342279411765,3.9795245749999992,3.6856032411764708,3.780444726470588,3.8921500985294113,4.2526762147058825,3.9404306882352946,4.010351363235294,3.948806767647058,4.455456335294118,4.390463635294118,4.5571876147058825,4.520395026470587,4.631417919117647,4.7011328882352945,4.700167572058824,4.828438172058823,4.779936030882353,5.1939103338235295,4.462331125,4.387980183823529,4.543381058823529,4.743854867647059,4.843510069117647,18.884803921568626,19.263848039215684,17.95833333333334,19.0280637254902,18.99362745098039,19.493014705882356,18.72696078431372,18.53051470588235,18.398529411764706,19.68872549019608,19.195343137254902,18.558946078431376,18.425122549019612,18.907230392156862,19.07377450980392,18.702205882352942,18.64338235294118,20.066544117647055,19.635294117647053,19.307965686274514,18.989093137254905,19.023161764705886,18.79154411764706,19.207107843137255,19.353553921568626,19.515563725490193,19.39007352941176,18.962745098039214,19.08504901960784,18.782475490196077,19.470710784313727,20.02904411764706,18.70367647058824,18.172916666666662
Maine,45.71296296296296,-69.13888888888889,0.0,0.0,0.0,0.0,0.0,0.0,0.0,0.0,0.0,0.0,0.0,0.0,0.0,0.0,0.0,0.0,0.0,0.0,0.0,0.0,0.0,0.0,0.0,0.0,0.0,0.0,0.0,0.0,0.0,0.0,0.0,0.0,0.0,0.0,5.065277777777777,3.912654320987654,5.173765432098766,4.693981481481481,3.8452160493827163,3.91820987654321,4.706327160493827,4.658487654320987,3.6115740740740736,5.180401234567903,4.768672839506173,3.750154320987655,3.7947530864197527,4.020524691358024,4.3388888888888895,4.421913580246914,3.6817901234567896,5.657407407407407,5.846450617283951,4.268209876543211,5.268055555555557,4.624691358024691,3.9935185185185187,4.012037037037037,4.8611111111111125,5.970370370370371,4.153086419753087,4.62037037037037,4.287345679012345,6.415740740740741,5.3614197530864205,5.9336419753086425,4.892592592592592,4.47824074074074
Maryland,38.7,-77.75,0.0,0.0,0.0,0.0,0.0,0.0,0.0,0.0,0.0,0.0,0.0,0.0,0.0,0.0,0.0,0.0,0.0,0.0,0.0,0.0,0.0,0.0,0.0,0.0,0.0,0.0,0.0,0.0,0.0,0.0,0.0,0.0,0.0,0.0,11.493333333333334,11.883333333333335,11.903333333333332,12.117500000000003,12.3425,12.294999999999998,12.226666666666665,11.629999999999999,11.618333333333336,13.266666666666666,13.146666666666667,11.549583333333333,11.794166666666667,11.797083333333335,11.839166666666667,11.154166666666667,11.605416666666667,13.272083333333333,12.47875,11.69875,12.175,12.643749999999999,11.520416666666666,12.06583333333333,12.058333333333334,12.676666666666666,12.429583333333333,11.967916666666666,11.709583333333333,12.361250000000002,12.825,13.222083333333334,11.781249999999998,11.205833333333334
Massachusetts,42.32692307692308,-72.01923076923077,0.0,0.0,0.0,0.0,0.0,0.0,0.0,0.0,0.0,0.0,0.0,0.0,0.0,0.0,0.0,0.0,0.0,0.0,0.0,0.0,0.0,0.0,0.0,0.0,0.0,0.0,0.0,0.0,0.0,0.0,0.0,0.0,0.0,0.0,8.484615384615383,8.14294871794872,9.064743589743589,8.78974358974359,8.451282051282051,8.386538461538462,8.527564102564101,8.448076923076924,8.02179487179487,9.710256410256411,9.542307692307691,7.814102564102564,8.208333333333332,8.332692307692309,8.471794871794872,8.226923076923075,8.257051282051282,9.848076923076926,9.519871794871795,8.198076923076924,9.14423076923077,9.173076923076922,7.947435897435897,8.307692307692308,8.806410256410256,9.65128205128205,8.616666666666667,8.823717948717949,8.283333333333333,9.687179487179488,9.39551282051282,10.280128205128204,8.776923076923078,8.175641025641026
Michigan,45.02248677248677,-86.30820105820106,0.0,0.0,0.0,0.0,0.0,0.0,0.0,0.0,0.0,0.0,0.0,0.0,0.0,0.0,0.0,0.0,0.0,0.0,0.0,0.0,0.0,0.0,0.0,0.0,0.0,0.0,0.0,0.0,0.0,0.0,0.0,0.0,0.0,0.0,6.443738977072311,5.56274250440917,6.623809523809523,6.382407407407407,5.700925925925925,6.398897707231041,7.863756613756614,6.350220458553792,5.2368606701940035,6.935493827160494,6.931657848324514,5.678791887125221,5.594268077601412,5.957892416225749,6.08778659611993,4.962522045855379,5.7175485008818345,8.352292768959435,7.27094356261023,6.481657848324515,7.462566137566139,6.745105820105819,5.785273368606703,6.0589065255731915,7.058245149911816,7.5476631393298055,6.910626102292768,5.737566137566138,5.684876543209876,7.5895061728395055,6.670017636684303,8.312169312169312,5.6800705467372135,4.474294532627866
Minnesota,46.583333333333336,-93.61111111111111,0.0,0.0,0.0,0.0,0.0,0.0,0.0,0.0,0.0,0.0,0.0,0.0,0.0,0.0,0.0,0.0,0.0,0.0,0.0,0.0,0.0,0.0,0.0,0.0,0.0,0.0,0.0,0.0,0.0,0.0,0.0,0.0,0.0,0.0,5.780658436213992,3.80488683127572,5.168672839506173,5.088014403292182,3.663117283950617,5.153549382716049,7.1684156378600825,5.084002057613169,3.7839506172839505,5.582201646090534,5.218981481481481,4.6725308641975305,3.642232510288065,4.619495884773663,4.280041152263374,2.793518518518518,4.387551440329218,6.797736625514405,6.056995884773663,4.95679012345679,5.7573559670781895,5.1344650205761315,4.835185185185185,4.682407407407407,5.666100823045268,6.407304526748971,5.264609053497942,3.6297839506172846,4.024948559670783,5.596810699588477,5.058024691358026,6.736625514403292,3.55951646090535,3.131738683127572
Mississippi,33.13461538461539,-88.90384615384616,0.0,0.0,0.0,0.0,0.0,0.0,0.0,0.0,0.0,0.0,0.0,0.0,0.0,0.0,0.0,0.0,0.0,0.0,0.0,0.0,0.0,0.0,0.0,0.0,0.0,0.0,0.0,0.0,0.0,0.0,0.0,0.0,0.0,0.0,17.199999999999996,17.568589743589744,16.301923076923075,17.158333333333328,17.040384615384617,17.779487179487177,17.28076923076923,16.75512820512821,16.660256410256412,18.146794871794874,17.605128205128203,16.673076923076923,16.630769230769236,17.0025641025641,17.074358974358976,16.762820512820518,16.70576923076923,18.355128205128207,17.956410256410262,17.390384615384615,17.040384615384617,17.173076923076927,16.664102564102567,17.06282051282051,17.259615384615387,17.614102564102566,17.810897435897438,16.77948717948718,16.965384615384615,16.942948717948717,17.39551282051282,18.069230769230767,16.64679487179487,16.344871794871796
Missouri,38.24193548387097,-93.10483870967742,0.17120756129032255,0.43643201612903226,0.4590008629032258,0.48088082258064513,0.48571997741935485,0.5310238661290323,0.5218092580645162,0.5117250967741935,0.544991241935484,0.5231520161290323,0.5203830741935485,0.5288187822580646,0.5160136451612903,0.547111064516129,0.5182315129032259,0.5704634193548387,0.5349433709677419,0.5159572322580646,0.5633779564516129,0.5633268467741935,0.6066420741935484,0.614109570967742,0.6145291193548387,0.6484683645161291,0.6069745241935485,0.6443910322580646,0.6347011822580646,0.633166006451613,0.6161907209677421,0.5789063822580646,0.6333538870967742,0.6121183145161289,0.6559688016129034,0.6851469596774192,13.21209677419355,12.387231182795698,12.540456989247312,12.791935483870969,11.963037634408598,13.571774193548386,13.758870967741935,12.808467741935482,11.91760752688172,13.781317204301073,13.673790322580649,12.813440860215055,11.873924731182797,12.876209677419356,12.63588709677419,11.905510752688171,12.227956989247314,14.100806451612904,13.701344086021503,13.013575268817203,13.418951612903225,13.075940860215052,12.71787634408602,12.937903225806453,13.61021505376344,13.988575268817204,13.536155913978492,12.037903225806451,12.304166666666667,12.980645161290322,13.227822580645164,14.866801075268816,12.08548387096774,11.745564516129033
Montana,46.75,-107.5,0.0,0.0,0.0,0.0,0.0,0.0,0.0,0.0,0.0,0.0,0.0,0.0,0.0,0.0,0.0,0.0,0.0,0.0,0.0,0.0,0.0,0.0,0.0,0.0,0.0,0.0,0.0,0.0,0.0,0.0,0.0,0.0,0.0,0.0,7.679828042328042,4.597619047619048,6.335119047619047,6.257804232804233,4.787433862433865,6.887698412698412,7.908002645502645,7.5042989417989405,5.469179894179895,6.753968253968254,6.825132275132274,6.989153439153439,4.807936507936509,6.421560846560846,6.01792328042328,4.409722222222223,6.366137566137567,7.238161375661374,7.47579365079365,6.335912698412699,7.171693121693122,5.812896825396827,6.726653439153439,6.391402116402116,6.759060846560846,7.50079365079365,7.178108465608466,5.5817460317460315,5.403108465608465,5.620502645502646,5.7460978835978835,7.604894179894179,5.993121693121694,5.705423280423282
Nebraska,41.58132530120482,-99.9367469879518,0.0,0.0,0.0,0.0,0.0,0.0,0.0,0.0,0.0,0.0,0.0,0.0,0.0,0.0,0.0,0.0,0.0,0.0,0.0,0.0,0.0,0.0,0.0,0.0,0.0,0.0,0.0,0.0,0.0,0.0,0.0,0.0,0.0,0.0,10.499397590361447,8.582028112449798,9.025,9.185240963855422,8.32058232931727,10.261345381526105,10.541566265060242,9.827911646586346,8.955220883534137,10.049799196787149,10.11706827309237,9.407831325301206,7.767670682730926,9.604718875502009,9.206024096385542,8.10210843373494,9.207931726907631,10.248192771084337,10.444779116465863,9.784236947791165,9.980421686746988,9.80632530120482,9.693072289156627,9.683132530120483,10.163052208835342,10.371686746987953,9.724096385542168,8.450100401606425,8.35652610441767,9.267670682730923,9.013152610441768,11.203915662650601,8.892369477911647,8.687449799196788
New Hampshire,44.25,-71.75,0.0,0.0,0.0,0.0,0.0,0.0,0.0,0.0,0.0,0.0,0.0,0.0,0.0,0.0,0.0,0.0,0.0,0.0,0.0,0.0,0.0,0.0,0.0,0.0,0.0,0.0,0.0,0.0,0.0,0.0,0.0,0.0,0.0,0.0,5.523888888888889,4.857222222222222,5.853888888888888,5.617222222222222,4.919444444444443,5.172777777777778,5.472777777777778,5.2233333333333345,4.566666666666666,6.361111111111112,5.962777777777777,4.38611111111111,4.709444444444445,4.798333333333333,5.232777777777779,4.996666666666667,4.477777777777778,6.6916666666666655,6.237777777777778,4.8549999999999995,5.862222222222224,5.706111111111111,4.738333333333332,4.868333333333334,5.669444444444445,6.610555555555555,4.980555555555556,5.441111111111111,4.945555555555556,6.549444444444445,6.006666666666667,6.816111111111113,5.5072222222222225,4.958888888888889
New Jersey,40.458333333333336,-74.70833333333333,0.0,0.0,0.0,0.0,0.0,0.0,0.0,0.0,0.0,0.0,0.0,0.0,0.0,0.0,0.0,0.0,0.0,0.0,0.0,0.0,0.0,0.0,0.0,0.0,0.0,0.0,0.0,0.0,0.0,0.0,0.0,0.0,0.0,0.0,10.366666666666665,10.30486111111111,11.057638888888889,10.776388888888889,10.83472222222222,10.629861111111111,10.63541666666667,10.265277777777778,10.21388888888889,11.883333333333333,11.847222222222221,10.088194444444444,10.628472222222221,10.629861111111111,10.613888888888889,10.274999999999999,10.468055555555555,12.097222222222223,11.4375,10.424999999999997,11.260416666666666,11.539583333333333,10.130555555555556,10.775,10.972916666666668,11.920833333333333,11.110416666666667,10.996527777777779,10.72361111111111,11.945138888888886,11.772222222222224,12.399305555555557,11.003472222222221,10.316666666666666
New Mexico,34.25,-106.0,0.0,0.0,0.0,0.0,0.0,0.0,0.0,0.0,0.0,0.0,0.0,0.0,0.0,0.0,0.0,0.0,0.0,0.0,0.0,0.0,0.0,0.0,0.0,0.0,0.0,0.0,0.0,0.0,0.0,0.0,0.0,0.0,0.0,0.0,12.85145202020202,11.936679292929293,11.867045454545453,11.790340909090911,12.069760101010102,12.413825757575758,11.50334595959596,11.864709595959598,12.597348484848483,12.189078282828284,11.772222222222222,11.780681818181819,12.105681818181818,12.847537878787879,12.743939393939392,12.901199494949497,11.88036616161616,12.580492424242424,12.620643939393938,13.083522727272728,12.695138888888888,12.629608585858588,13.186174242424244,12.125252525252526,12.758270202020203,12.805176767676768,12.411994949494948,12.157512626262625,12.447474747474747,12.349810606060608,12.592929292929295,13.349684343434344,12.111363636363635,12.730492424242426
New York,42.90416666666667,-76.57083333333334,0.0,0.0,0.0,0.0,0.0,0.0,0.0,0.0,0.0,0.0,0.0,0.0,0.0,0.0,0.0,0.0,0.0,0.0,0.0,0.0,0.0,0.0,0.0,0.0,0.0,0.0,0.0,0.0,0.0,0.0,0.0,0.0,0.0,0.0,7.344097222222222,7.171666666666666,7.8301388888888885,7.575763888888889,7.375902777777778,7.5756250000000005,7.986597222222222,7.484305555555554,6.834027777777778,8.655,8.624097222222222,6.823125,7.035416666666666,7.006597222222223,7.452222222222223,7.039027777777778,6.964722222222222,9.16138888888889,8.354166666666666,7.237152777777777,8.351666666666667,8.242083333333333,6.922847222222222,7.329652777777778,7.9290972222222225,8.671805555555554,7.5789583333333335,7.5065277777777775,7.233125,8.465347222222222,8.305972222222222,9.264652777777776,7.603611111111111,6.845416666666666
North Carolina,35.496153846153845,-80.01923076923077,0.0,0.0,0.0,0.0,0.0,0.0,0.0,0.0,0.0,0.0,0.0,0.0,0.0,0.0,0.0,0.0,0.0,0.0,0.0,0.0,0.0,0.0,0.0,0.0,0.0,0.0,0.0,0.0,0.0,0.0,0.0,0.0,0.0,0.0,14.269615384615387,15.047179487179486,14.581410256410258,15.062820512820513,15.351794871794873,15.731282051282053,15.017820512820514,14.322820512820511,14.771666666666667,16.362435897435898,15.852435897435896,14.703589743589744,15.014615384615386,15.136666666666667,14.81948717948718,14.426282051282051,14.637692307692307,16.057435897435898,15.381025641025643,14.712051282051283,15.230384615384613,15.58628205128205,14.881282051282053,15.218974358974359,15.211153846153847,15.422435897435896,15.787179487179488,15.097307692307693,14.832307692307692,14.856538461538461,15.58128205128205,15.742564102564103,14.532307692307693,14.443076923076925
North Dakota,47.5,-100.5,0.0,0.0,0.0,0.0,0.0,0.0,0.0,0.0,0.0,0.0,0.0,0.0,0.0,0.0,0.0,0.0,0.0,0.0,0.0,0.0,0.0,0.0,0.0,0.0,0.0,0.0,0.0,0.0,0.0,0.0,0.0,0.0,0.0,0.0,6.300793650793652,3.276884920634921,5.110019841269842,5.089980158730159,3.5168650793650795,5.410416666666667,7.263591269841269,5.882242063492062,4.213095238095239,5.951884920634922,5.827380952380953,5.181746031746032,3.565079365079365,4.466865079365079,4.2584325396825395,2.5450396825396826,4.85188492063492,6.220932539682539,6.060019841269842,4.973511904761905,5.615178571428572,4.890476190476191,4.8173611111111105,4.665873015873016,5.6734126984127,6.450694444444443,5.273214285714285,3.944841269841269,3.481150793650794,4.784027777777777,4.63343253968254,6.538492063492064,3.6243055555555563,3.762400793650794
Ohio,40.27884615384615,-82.5673076923077,0.0,0.0,0.0,0.0,0.0,0.0,0.0,0.0,0.0,0.0,0.0,0.0,0.0,0.0,0.0,0.0,0.0,0.0,0.0,0.0,0.0,0.0,0.0,0.0,0.0,0.0,0.0,0.0,0.0,0.0,0.0,0.0,0.0,0.0,9.981089743589743,10.440384615384618,10.761057692307691,10.360897435897435,10.366987179487179,10.910576923076926,11.221634615384614,10.215384615384615,9.639583333333333,11.42820512820513,11.670993589743587,10.095993589743587,10.171955128205129,10.195993589743589,10.119711538461539,9.657852564102562,9.860416666666667,12.095192307692306,11.13397435897436,10.289903846153845,11.128365384615384,11.277403846153849,9.994391025641026,10.602083333333335,10.814903846153847,11.287019230769232,11.069711538461538,10.275320512820512,10.255929487179486,10.847916666666665,11.193589743589744,12.103525641025639,10.354487179487178,9.441346153846153
Oklahoma,35.18362831858407,-98.9358407079646,0.0,0.06708623893805309,0.07841430973451324,0.07299289380530972,0.08853345132743362,0.08793216814159292,0.07376162831858406,0.07424673451327433,0.08617992035398231,0.08344921238938052,0.08805100884955752,0.08501285840707964,0.07495841592920353,0.08276130088495574,0.07794582743362834,0.0829850796460177,0.08367430088495575,0.07571535398230089,0.08298570796460178,0.09406556637168141,0.08977809734513274,0.0960373982300885,0.09080405309734514,0.097989,0.09060311946902655,0.09558715044247787,0.08540209734513274,0.0954465442477876,0.11616521238938053,0.0989821592920354,0.10387010619469027,0.09820823008849558,0.11655908849557521,0.10702146017699114,16.109734513274336,15.155383480825959,14.661430678466076,15.368510324483776,15.181268436578168,16.131047197640118,15.337463126843657,15.194174041297934,14.813790560471976,15.93089970501475,15.700589970501476,15.303908554572269,14.690044247787611,15.627654867256636,15.349262536873157,15.2523598820059,14.808923303834808,16.535693215339236,16.132227138643067,15.774557522123892,15.916445427728615,15.120353982300884,15.493141592920356,15.432374631268436,15.72603244837758,16.49358407079646,15.220058997050149,15.243362831858406,15.181563421828908,15.510471976401178,16.433185840707964,17.100368731563425,14.955973451327432,14.957743362831856
Oregon,44.19921875,-120.5625,0.0,0.0,0.0,0.0,0.0,0.0,0.0,0.0,0.0,0.0,0.0,0.0,0.0,0.0,0.0,0.0,0.0,0.0,0.0,0.0,0.0,0.0,0.0,0.0,0.0,0.0,0.0,0.0,0.0,0.0,0.0,0.0,0.0,0.0,8.848828125,7.537304687499999,8.3326171875,7.583658854166668,6.963281250000001,8.89375,8.996158854166667,8.767643229166666,7.988606770833333,8.4275390625,8.4943359375,9.487044270833334,7.288736979166667,8.653906249999999,8.744531250000001,8.4185546875,8.547786458333334,8.666471354166667,8.249283854166666,8.325716145833333,8.536263020833333,8.476692708333333,9.225976562500001,8.949934895833334,8.5306640625,8.686263020833334,8.5515625,7.9931640625,8.25859375,8.245703124999999,7.719140625,8.7109375,8.4814453125,9.511848958333331
Pennsylvania,40.27173913043478,-78.48913043478261,0.0,0.0,0.0,0.0,0.0,0.0,0.0,0.0,0.0,0.0,0.0,0.0,0.0,0.0,0.0,0.0,0.0,0.0,0.0,0.0,0.0,0.0,0.0,0.0,0.0,0.0,0.0,0.0,0.0,0.0,0.0,0.0,0.0,0.0,9.835869565217392,10.189492753623188,10.549275362318841,10.340217391304348,10.593478260869563,10.69855072463768,10.851449275362318,10.184057971014495,9.897101449275361,11.63586956521739,11.730434782608693,9.90072463768116,10.317391304347826,10.163405797101449,10.371739130434781,9.809057971014493,10.11195652173913,12.041666666666668,11.048913043478262,10.181884057971015,10.978623188405795,11.212318840579712,9.840217391304348,10.505797101449277,10.73913043478261,11.317391304347826,10.781884057971014,10.33514492753623,10.172463768115941,10.939855072463768,11.180072463768118,11.829710144927535,10.281159420289855,9.429710144927538
South Carolina,33.25,-80.1590909090909,0.0,0.0,0.0,0.0,0.0,0.0,0.0,0.0,0.0,0.0,0.0,0.0,0.0,0.0,0.0,0.0,0.0,0.0,0.0,0.0,0.0,0.0,0.0,0.0,0.0,0.0,0.0,0.0,0.0,0.0,0.0,0.0,0.0,0.0,17.25378787878788,18.238636363636367,17.370454545454546,17.95530303030303,18.36818181818182,18.90681818181818,17.675000000000004,17.058333333333334,17.94848484848485,19.388636363636365,18.727272727272727,17.700757575757578,17.94621212121212,18.240151515151517,17.965151515151515,17.48787878787879,17.568939393939395,19.04621212121212,18.254545454545454,17.468939393939397,18.21742424242424,18.465909090909093,17.604545454545452,17.972727272727273,17.884090909090908,18.281060606060603,18.574242424242428,18.058333333333334,17.693181818181817,17.34166666666667,18.428030303030305,18.623484848484846,17.631060606060604,17.547727272727272
South Dakota,44.48529411764706,-100.45588235294117,0.0,0.0,0.0,0.0,0.0,0.0,0.0,0.0,0.0,0.0,0.0,0.0,0.0,0.0,0.0,0.0,0.0,0.0,0.0,0.0,0.0,0.0,0.0,0.0,0.0,0.0,0.0,0.0,0.0,0.0,0.0,0.0,0.0,0.0,9.075686274509806,6.553039215686274,7.649215686274511,7.650392156862745,6.399117647058823,7.971960784313725,9.508333333333335,8.532843137254902,7.1737254901960785,8.525686274509804,8.375784313725491,7.716470588235296,5.892254901960784,7.272941176470588,7.171470588235292,5.439117647058824,7.243921568627452,8.65764705882353,8.899117647058825,7.876568627450981,8.154607843137256,8.018823529411765,7.9197058823529405,8.040196078431373,8.586764705882352,9.027549019607843,8.25421568627451,6.58156862745098,6.396666666666667,7.2677450980392155,7.082254901960784,9.575686274509804,6.708627450980391,6.537647058823529
Tennessee,35.73275862068966,-86.92241379310344,0.0,0.0,0.0,0.0,0.0,0.0,0.0,0.0,0.0,0.0,0.0,0.0,0.0,0.0,0.0,0.0,0.0,0.0,0.0,0.0,0.0,0.0,0.0,0.0,0.0,0.0,0.0,0.0,0.0,0.0,0.0,0.0,0.0,0.0,14.056609195402299,14.497988505747129,13.944827586206898,14.42241379310345,14.25890804597701,15.18362068965517,14.87586206896552,13.972701149425285,13.721839080459768,15.400862068965518,15.246264367816092,14.060057471264367,14.082183908045977,14.380459770114943,14.266379310344826,13.787068965517241,13.82758620689655,15.686206896551724,15.297413793103448,14.569827586206895,14.625000000000002,14.814942528735633,14.197701149425283,14.772413793103448,14.885344827586206,14.986206896551725,15.599425287356322,14.195114942528734,14.17442528735632,14.446551724137931,14.887643678160922,15.714080459770116,13.884482758620688,13.580172413793106
Texas,29.781045751633986,-100.47222222222223,0.02000062908496732,0.3405771859477124,0.38339089248366015,0.36413550915032683,0.4353660924836602,0.4514287470588236,0.4040219424836601,0.4269551493464052,0.4844587124183007,0.41497855163398695,0.4557208349673202,0.4455940379084967,0.4206668179738562,0.42839319869281045,0.4309243424836601,0.4014114905228758,0.43947208660130715,0.3856280241830065,0.4340046653594771,0.4524034493464053,0.4710236114379085,0.4853432555555555,0.4544561947712418,0.504366544117647,0.4868712633986928,0.4801202372549019,0.4984434032679738,0.47530965849673207,0.4414953571895425,0.49421113954248364,0.4025667477124183,0.4473108830065359,0.44584866830065356,0.4604226241830065,19.0760348583878,19.278295206971677,18.512363834422658,19.09101307189542,18.929520697167753,19.40964052287582,18.35065359477124,18.81358932461874,19.0307734204793,19.36130174291939,19.01089324618736,18.69918300653595,18.798311546840957,19.628894335511983,19.47257625272331,19.466367102396518,18.555065359477123,20.15514705882353,19.94773965141612,19.830664488017426,19.396160130718954,19.14109477124183,19.244362745098037,18.994771241830065,19.566367102396516,20.083905228758166,18.877151416122004,19.31260893246187,19.529738562091506,18.969090413943352,20.3343954248366,20.352151416122005,19.047957516339867,19.04558823529412
Utah,39.5,-111.5,0.0,0.0,0.0,0.0,0.0,0.0,0.0,0.0,0.0,0.0,0.0,0.0,0.0,0.0,0.0,0.0,0.0,0.0,0.0,0.0,0.0,0.0,0.0,0.0,0.0,0.0,0.0,0.0,0.0,0.0,0.0,0.0,0.0,0.0,9.806666666666667,7.788583333333333,8.517416666666666,7.379333333333334,7.995666666666668,9.2075,8.719083333333334,8.724250000000001,8.726916666666666,8.852916666666665,8.096666666666668,8.964916666666667,7.7155000000000005,9.419666666666666,9.138,9.391166666666665,8.619416666666666,8.655,9.051083333333333,9.558250000000001,9.388666666666667,8.7985,9.790416666666665,8.755833333333333,9.113833333333332,9.0515,9.440166666666665,8.385,8.582583333333332,8.517499999999998,8.074416666666668,10.026833333333332,8.234583333333333,9.622166666666667
Virginia,37.52272727272727,-79.3409090909091,0.0,0.0,0.0,0.0,0.0,0.0,0.0,0.0,0.0,0.0,0.0,0.0,0.0,0.0,0.0,0.0,0.0,0.0,0.0,0.0,0.0,0.0,0.0,0.0,0.0,0.0,0.0,0.0,0.0,0.0,0.0,0.0,0.0,0.0,11.687878787878788,12.394128787878792,12.184280303030304,12.545454545454545,12.705871212121213,12.833901515151517,12.493371212121213,11.669886363636364,12.032954545454544,13.594128787878788,13.358143939393942,12.034280303030302,12.319318181818183,12.379166666666668,12.188636363636364,11.63806818181818,11.756060606060606,13.337689393939398,12.711742424242424,12.002840909090908,12.491856060606061,12.868560606060605,11.968560606060606,12.505492424242425,12.569128787878787,12.836363636363636,13.066856060606062,12.38219696969697,12.17727272727273,12.39848484848485,13.184848484848485,13.453409090909092,12.101325757575758,11.668560606060606
Washington,47.742753623188406,-120.51086956521739,0.0,0.0,0.0,0.0,0.0,0.0,0.0,0.0,0.0,0.0,0.0,0.0,0.0,0.0,0.0,0.0,0.0,0.0,0.0,0.0,0.0,0.0,0.0,0.0,0.0,0.0,0.0,0.0,0.0,0.0,0.0,0.0,0.0,0.0,7.9493961352657,6.920893719806764,7.5882850241545885,6.819806763285024,6.102898550724637,7.913647342995168,8.445531400966182,7.86449275362319,7.419685990338165,7.746859903381644,7.711111111111112,8.567391304347826,6.934541062801932,8.170772946859904,7.984057971014493,6.808333333333333,7.67427536231884,8.54782608695652,7.509661835748793,7.111835748792271,7.60108695652174,7.566545893719805,8.267512077294684,8.455314009661835,7.9054347826086975,7.993357487922706,7.52355072463768,6.937077294685991,7.3135265700483085,7.701449275362319,6.768236714975846,7.685507246376813,7.682004830917875,8.32644927536232
Wyoming,42.861111111111114,-107.27777777777777,0.0,0.0,0.0,0.0,0.0,0.0,0.0,0.0,0.0,0.0,0.0,0.0,0.0,0.0,0.0,0.0,0.0,0.0,0.0,0.0,0.0,0.0,0.0,0.0,0.0,0.0,0.0,0.0,0.0,0.0,0.0,0.0,0.0,0.0,6.426018518518519,4.22212962962963,4.695925925925926,4.199351851851852,3.867685185185185,5.544907407407407,5.597777777777778,5.757314814814815,4.8469444444444445,5.0996296296296295,4.997314814814815,5.392685185185185,3.3663888888888884,5.688888888888889,4.920277777777778,4.626759259259259,4.6664814814814815,5.431666666666667,5.809166666666667,5.4682407407407405,5.764259259259258,4.747314814814815,5.7155555555555555,5.372777777777778,5.682407407407407,5.882222222222223,5.972222222222223,4.542962962962963,4.624814814814815,5.068611111111112,4.600277777777778,6.7242592592592585,4.992870370370371,5.140833333333333
