,temp,yield
0,0.09281552690751727,1965.0
1,-0.5183385143999959,20.587692154179027
2,16.783333333333335,10.581322
3,15.941666666666668,8.483310000000001
4,16.458333333333332,10.438741
5,16.783333333333335,10.404581
6,17.26666666666667,11.550495
7,16.474999999999998,11.260764
8,15.633333333333333,8.553028999999999
9,16.124999999999996,12.233388
10,17.758333333333333,12.578847
11,16.966666666666665,9.817769
12,15.841666666666667,11.334552
13,16.575,10.072596
14,16.341666666666672,12.408425999999999
15,16.566666666666666,11.242531
16,15.841666666666667,12.619372
17,16.241666666666664,12.618111
18,17.591666666666665,13.709853
19,17.074999999999996,12.3385935
20,16.433333333333334,13.365798000000002
21,16.833333333333336,12.338108
22,16.991666666666667,12.463515
23,16.316666666666666,13.444021
24,16.733333333333334,14.613109
25,16.59166666666667,13.886946
26,16.725,14.686428
27,17.141666666666666,14.351323
28,16.258333333333336,14.536960999999998
29,16.133333333333333,14.676604999999999
30,16.23333333333333,14.283176000000001
31,17.525000000000002,14.687428
32,19.816666666666666,12.95616
33,18.241666666666664,14.279764000000002
34,17.891666666666666,16.04952
35,17.525,10.651636
36,16.333333333333332,8.904507
37,17.291666666666668,10.460835000000001
38,17.599999999999994,10.778136
39,18.233333333333327,11.672927
40,17.39166666666667,11.218205000000001
41,16.2,9.100107000000001
42,16.71666666666667,12.796724000000001
43,18.341666666666672,13.325866
44,17.741666666666664,9.822656
45,16.683333333333334,11.931934
46,17.11666666666667,10.540444
47,17.083333333333332,13.165106
48,17.25833333333333,11.839035
49,16.683333333333334,13.007745
50,16.975,12.927019
51,18.291666666666664,14.254234
52,17.633333333333333,12.057078
53,16.900000000000002,14.637585000000001
54,17.391666666666666,12.655577000000001
55,17.45833333333334,13.010308
56,16.866666666666667,14.037597
57,17.391666666666666,15.478731
58,17.175,14.093288000000001
59,17.841666666666665,14.966957999999998
60,17.825,14.632338
61,17.25833333333333,14.764423
62,17.05,14.820064000000002
63,16.9,14.984974
64,18.01666666666668,14.890889000000001
65,18.466666666666665,13.066746
66,17.03333333333333,14.150122
67,16.966666666666665,15.417313
68,19.216666666666665,8.050723
69,18.191666666666666,6.2486977999999995
70,18.700000000000006,8.817480999999997
71,19.158333333333328,8.6964855
72,19.74166666666667,8.357467999999999
73,18.466666666666672,8.730849000000001
74,18.108333333333334,7.283216499999999
75,18.633333333333333,9.661126
76,19.966666666666665,10.010431
77,19.15,7.835305
78,18.21666666666666,9.278705
79,18.341666666666672,8.195402
80,19.0,9.099433
81,18.83333333333333,9.274881
82,18.441666666666666,9.897065
83,18.825,9.692895
84,19.89166666666668,10.924037
85,19.058333333333334,9.061384
86,18.3,11.549325
87,18.675,9.8422985
88,19.041666666666668,10.045769
89,18.45,11.270152000000001
90,18.8,11.6659
91,18.658333333333328,11.275938
92,19.1,11.360819000000001
93,19.191666666666666,10.48922
94,18.591666666666665,10.932568
95,18.466666666666665,11.55073
96,18.15,11.135624
97,19.2,10.876895
98,19.433333333333334,9.596263
99,18.591666666666665,10.380435
100,18.375,12.307177000000001
101,19.858333333333334,9.280674000000001
102,18.483333333333334,7.5622144
103,19.25,9.852960000000001
104,19.70833333333333,9.535783
105,20.325,9.826889999999999
106,19.05,10.029314999999999
107,18.575,7.950803
108,19.05,10.539017999999999
109,20.14166666666668,11.761312
110,19.416666666666668,9.169539
111,18.500000000000004,11.029364999999999
112,18.533333333333328,9.376869000000001
113,19.116666666666664,10.403781
114,19.15,11.1099415
115,18.625,11.562187
116,19.091666666666665,11.280914
117,20.025,12.281606
118,19.425000000000004,11.097482000000001
119,18.675,12.80561
120,19.025,11.245771000000001
121,19.541666666666668,11.234976
122,18.925,12.56531
123,19.1,13.204761999999999
124,18.9,12.906082000000001
125,19.3,13.398697
126,19.341666666666665,12.032131
127,18.841666666666665,12.545628
128,19.225,13.786032
129,18.558333333333334,13.198637
130,19.65,13.313288
131,19.766666666666666,11.767225999999999
132,19.225,12.65966
133,18.85,14.277791
134,19.658333333333328,8.54544
135,18.316666666666666,6.8639307
136,18.925,8.880751
137,19.325000000000006,8.766849
138,19.841666666666665,8.764616
139,18.58333333333333,8.939116499999997
140,18.08333333333333,6.8933973
141,18.866666666666667,9.498692
142,20.0,10.233831
143,19.683333333333326,8.029138
144,18.383333333333336,9.22677
145,18.441666666666666,8.578702999999999
146,19.008333333333333,9.4200535
147,18.75833333333333,9.626917
148,18.3,10.137665
149,18.825000000000006,10.151652
150,20.008333333333333,10.966718
151,19.308333333333334,9.09368
152,18.483333333333334,11.587096
153,18.816666666666666,9.899547
154,19.416666666666668,10.597257
155,18.783333333333328,11.463082
156,18.725,11.730446
157,18.8,11.324003
158,19.125,11.997942
159,19.25,10.869034
160,18.608333333333327,11.414396
161,18.491666666666664,12.11294
162,18.26666666666668,11.712482000000001
163,19.308333333333334,11.854326
164,19.633333333333336,10.185001
165,18.608333333333334,10.923561
166,18.45833333333333,12.758144999999999
167,19.408333333333328,8.477727
168,18.091666666666665,6.9874220000000005
169,18.95,9.441730499999998
170,19.216666666666665,9.082741
171,19.916666666666668,9.028118
172,18.666666666666668,9.2366705
173,18.08333333333333,7.3729925000000005
174,18.425,9.887739
175,19.625000000000004,10.700732
176,20.008333333333333,8.562374
177,19.116666666666667,10.314438
178,19.125000000000004,8.96519
179,19.858333333333327,9.003678
180,19.541666666666668,10.155738000000001
181,19.458333333333336,10.5695
182,20.233333333333334,10.498519
183,20.95,11.636364
184,19.858333333333327,10.230755
185,18.958333333333336,12.430583
186,18.983333333333334,10.461925
187,19.55,10.543333
188,19.175,11.556329
189,19.51666666666668,12.144366
190,19.108333333333334,11.597513000000001
191,19.26666666666668,12.249289
192,19.625,10.738674000000001
193,19.225,11.757458999999999
194,19.283333333333328,12.521173
195,18.616666666666664,11.910803
196,19.891666666666666,12.041282
197,19.916666666666664,10.383011
198,19.658333333333328,11.618817
199,19.375,13.03974
200,15.191666666666668,10.544948
201,14.458333333333336,8.156742
202,14.841666666666667,10.724086999999999
203,15.058333333333335,10.88465
204,15.999999999999998,11.392814999999999
205,15.70833333333333,10.996685000000001
206,15.116666666666667,7.7811645999999985
207,15.0,11.555644000000001
208,16.45,11.658403999999999
209,15.958333333333336,9.406191999999999
210,14.841666666666667,11.317506
211,15.233333333333334,9.888554
212,15.225,12.2244215
213,15.333333333333336,11.452025
214,14.41666666666667,11.855692
215,14.741666666666667,11.727349
216,16.375,12.279226
217,16.14166666666667,12.192317999999998
218,15.341666666666667,13.931462
219,15.208333333333336,11.880211
220,15.891666666666666,12.351714999999999
221,15.183333333333332,12.948508
222,15.70833333333333,13.916138
223,15.641666666666666,13.22129
224,15.866666666666667,14.016669
225,16.23333333333333,12.005636
226,15.041666666666664,14.164655999999999
227,14.908333333333333,14.213262
228,14.516666666666667,13.399404999999998
229,15.941666666666668,13.324225
230,16.35,11.502185
231,14.666666666666664,13.408562
232,14.391666666666666,14.778494
233,15.325,11.176565
234,14.558333333333332,8.365945
235,15.225,11.223028999999999
236,15.299999999999995,11.55763
237,16.166666666666668,11.855627
238,15.641666666666667,11.520261999999999
239,15.191666666666668,8.458086
240,15.008333333333333,11.991744
241,16.483333333333338,12.481945
242,15.941666666666668,9.961167999999999
243,14.908333333333333,12.061108
244,15.308333333333332,10.359702
245,15.441666666666668,13.287026000000001
246,15.41666666666667,11.916526
247,14.783333333333333,12.582517999999999
248,15.124999999999998,12.884432
249,16.75,13.172004000000001
250,16.075000000000006,12.79385
251,15.158333333333333,14.47991
252,15.533333333333333,12.6336155
253,15.583333333333336,13.080564500000001
254,14.908333333333333,13.774826000000001
255,15.374999999999998,14.261277999999999
256,15.758333333333333,13.688766500000002
257,16.05,14.729804999999999
258,16.508333333333333,12.726622
259,15.4,14.449303
260,15.258333333333333,14.36605
261,15.441666666666668,14.193298
262,16.183333333333334,14.473225
263,16.525,12.921566
264,14.816666666666665,13.54529
265,14.941666666666665,15.702763000000001
266,13.641666666666666,13.578342999999998
267,12.758333333333333,10.333198
268,13.366666666666665,12.601546
269,13.491666666666665,13.493718
270,14.225,13.937128
271,13.591666666666667,13.831647
272,12.725,10.277609
273,13.116666666666667,14.015585999999999
274,14.55,15.00945
275,13.975,11.121224
276,12.95,13.903648
277,13.19166666666667,12.492728
278,13.083333333333336,14.773771
279,12.941666666666665,13.753622
280,12.466666666666667,14.588923000000001
281,12.883333333333333,14.134375
282,14.591666666666667,15.505084
283,13.758333333333333,14.870110999999998
284,13.291666666666664,16.622045999999994
285,13.558333333333335,14.923053
286,14.216666666666667,15.706593
287,13.508333333333333,16.229223
288,14.458333333333336,17.536234
289,14.65,15.936866
290,14.583333333333336,17.276754
291,15.141666666666667,16.494675
292,14.4,17.63084
293,14.191666666666665,16.770195
294,14.35,16.553801999999994
295,15.225,16.579449
296,15.58333333333333,14.838795999999999
297,14.333333333333336,16.312867999999998
298,14.258333333333333,17.967731
299,15.0,12.609055999999999
300,14.266666666666667,9.345264
301,14.966666666666667,12.171819000000001
302,15.15,12.416366
303,16.041666666666668,13.1934185
304,15.341666666666667,12.733039999999999
305,14.975,9.547713
306,15.31666666666667,13.257093
307,16.59166666666667,13.724478
308,15.683333333333332,10.188092
309,14.775,13.507715
310,15.116666666666665,11.575386
311,15.366666666666667,14.0794935
312,15.016666666666667,12.695881
313,14.475,13.772607
314,14.766666666666666,13.445568
315,16.308333333333334,14.632078
316,15.566666666666668,13.602904
317,14.90833333333333,15.538677999999999
318,15.266666666666667,13.694741
319,15.591666666666667,14.398039
320,14.675,15.142914000000001
321,15.191666666666668,16.143839
322,15.308333333333335,14.964648
323,15.691666666666665,16.352066
324,16.091666666666665,15.515761999999999
325,15.208333333333336,16.265639999999998
326,14.974999999999996,16.156525
327,15.008333333333333,16.007925
328,15.775,15.784286999999999
329,16.258333333333333,13.796435
330,14.708333333333336,15.229486999999999
331,14.766666666666667,17.20103
332,17.26666666666667,12.740166
333,16.066666666666666,9.788611
334,17.041666666666664,12.385359
335,17.01666666666667,12.660625999999999
336,18.133333333333333,13.083669
337,17.266666666666666,13.017855
338,16.849999999999998,9.507417
339,16.991666666666667,13.887823999999998
340,18.975,14.589559
341,18.183333333333334,11.121819
342,16.75833333333333,13.349043
343,16.750000000000004,11.603385000000001
344,16.666666666666668,13.869582000000001
345,16.833333333333336,12.962651
346,16.25833333333333,14.638473000000001
347,16.466666666666665,14.0132065
348,17.841666666666672,15.693399
349,16.68333333333333,14.730753
350,16.1,16.067072
351,16.34166666666667,14.429757999999998
352,16.908333333333335,14.481782999999998
353,16.50833333333333,15.841239999999999
354,16.700000000000006,16.499506
355,16.85,15.977298999999999
356,17.275000000000002,16.818926
357,17.2,16.435694
358,16.366666666666664,16.710941000000002
359,16.416666666666664,16.122104999999998
360,16.53333333333333,16.127458999999998
361,17.558333333333334,11.868925
362,16.466666666666665,9.692722999999999
363,17.325,11.911158
364,17.541666666666668,12.0813675
365,18.325,12.852124
366,17.45,12.648197
367,16.633333333333336,9.301441
368,17.091666666666665,13.675229000000002
369,18.508333333333333,14.600893
370,18.00833333333333,10.905583
371,16.708333333333336,13.468278
372,16.983333333333334,11.640922
373,17.000000000000004,13.835505
374,17.175,13.404910999999998
375,16.641666666666666,14.119110000000001
376,16.99166666666667,13.838441
377,18.383333333333336,15.184048
378,17.808333333333334,14.226189000000002
379,17.075,15.67128
380,17.216666666666665,13.817973
381,17.491666666666664,14.449307000000001
382,16.91666666666666,15.596693
383,17.51666666666667,17.068617
384,17.391666666666666,15.418861999999999
385,18.341666666666665,16.634544
386,17.941666666666666,16.28878
387,17.516666666666662,16.2513
388,17.333333333333332,15.754688
389,17.216666666666665,16.229082000000002
390,16.691666666666666,10.337176
391,15.966666666666667,7.368653299999999
392,16.891666666666666,9.838623
393,17.025000000000002,9.617727
394,17.683333333333334,9.290044
395,17.01666666666667,10.244131
396,16.425,7.002642599999999
397,16.424999999999994,11.272934
398,17.783333333333335,10.854727
399,17.058333333333334,8.742417999999999
400,16.025,10.51218
401,16.491666666666664,9.081972
402,16.558333333333334,12.224492
403,16.341666666666665,10.703708
404,15.883333333333333,11.880961
405,16.2,12.385707
406,17.541666666666668,12.612424
407,16.741666666666667,11.391761
408,16.166666666666668,12.918028
409,16.325000000000006,11.456516
410,16.708333333333332,12.263728
411,16.15,13.1934595
412,16.466666666666672,14.041935
413,16.25,13.364181
414,16.69166666666667,13.801855999999999
415,16.816666666666666,12.551809
416,16.05,13.939934
417,16.166666666666668,13.388101999999998
418,16.383333333333333,13.789810000000001
419,17.358333333333334,14.047970999999999
420,17.608333333333334,11.346189
421,16.25,13.002877
422,16.19166666666667,15.256529
423,15.75,11.400043499999999
424,15.091666666666667,8.467246000000001
425,15.983333333333334,11.195753999999999
426,16.183333333333334,11.609478999999999
427,16.95,12.032351
428,16.225,11.604042999999999
429,15.708333333333336,8.663447999999999
430,15.658333333333333,12.295152
431,17.291666666666668,12.519542999999999
432,16.925,9.751676
433,15.975,12.565482000000001
434,16.416666666666664,10.498984
435,16.53333333333333,13.058061
436,16.45,12.016214999999999
437,15.875,12.995633
438,15.891666666666666,13.092677
439,17.55,13.722678
440,16.95,12.84487
441,16.133333333333333,14.704253
442,16.474999999999998,13.052635
443,16.541666666666668,13.353334
444,15.85,14.501787
445,16.441666666666666,15.365611999999999
446,16.433333333333334,14.3501215
447,17.000000000000004,15.251504999999998
448,17.466666666666665,14.378620000000002
449,16.108333333333334,15.229560999999999
450,16.008333333333336,15.584083999999999
451,16.316666666666666,15.535103
452,17.158333333333328,15.930334
453,17.416666666666668,12.90887
454,15.891666666666667,14.463873999999999
455,15.966666666666667,16.5796
456,15.158333333333333,10.904389
457,14.416666666666664,8.479472999999999
458,14.825,10.722674000000001
459,15.374999999999998,11.018428
460,15.533333333333333,11.743329
461,14.633333333333335,11.665989
462,14.15,8.644171
463,14.55833333333333,12.63923
464,15.858333333333333,12.752461
465,14.983333333333334,10.065053
466,14.033333333333333,12.137018
467,14.716666666666667,10.378162
468,14.991666666666667,12.6638365
469,14.916666666666664,12.050139999999999
470,14.466666666666667,13.315434
471,14.516666666666666,13.13739
472,15.991666666666667,14.003825
473,15.725,12.381638
474,14.858333333333334,13.966378
475,14.483333333333333,12.809289
476,14.641666666666666,13.146085000000001
477,14.1,14.389253
478,14.141666666666666,15.398937
479,14.7,13.929854
480,15.458333333333336,15.431957
481,15.725,14.109948000000001
482,14.641666666666666,15.166317000000001
483,14.6,16.253609
484,14.691666666666668,15.012286999999999
485,15.391666666666667,15.569392
486,15.666666666666664,13.428852
487,14.05,15.232024
488,14.125000000000002,16.827684
489,16.208333333333332,10.244878
490,15.55833333333333,7.7549148
491,16.066666666666666,10.516819
492,16.408333333333335,10.279983999999999
493,17.2,10.11657
494,16.51666666666667,10.777919
495,15.975,8.0389185
496,16.01666666666667,11.762124
497,17.38333333333333,11.62058
498,16.78333333333333,9.934037
499,15.883333333333333,11.616767999999999
500,16.291666666666668,9.59137
501,16.366666666666667,12.802012
502,16.233333333333334,11.125950999999999
503,15.675000000000002,12.357924
504,15.791666666666664,12.810019500000001
505,17.291666666666668,13.476772
506,16.641666666666666,12.181316
507,15.916666666666664,13.169020000000002
508,16.183333333333334,11.961372
509,16.116666666666667,12.443883
510,15.508333333333333,13.868391
511,16.166666666666668,14.736070999999999
512,16.133333333333336,13.855974
513,16.591666666666665,14.547125
514,16.80833333333333,13.791839000000001
515,15.775,14.449606
516,15.683333333333332,15.13689
517,15.875,14.875767000000002
518,16.758333333333336,14.469507
519,17.166666666666668,12.570889
520,15.6,14.505798
521,15.58333333333333,15.927969000000001
522,14.68333333333333,12.499101
523,13.141666666666666,9.378981
524,13.941666666666668,11.976567999999999
525,14.4,12.577334
526,15.133333333333335,13.477475
527,14.258333333333333,12.843102
528,13.6,9.802797
529,14.208333333333336,13.324576
530,15.525,13.470687
531,15.058333333333335,10.619981
532,14.125,13.135484
533,14.141666666666667,11.334278
534,14.083333333333336,14.144894
535,13.925,12.729253
536,14.108333333333333,13.856525
537,13.775,13.541808999999999
538,15.658333333333333,14.5310335
539,14.574999999999998,12.881210000000001
540,13.516666666666666,15.717765
541,13.808333333333332,14.041885
542,14.283333333333333,14.58049
543,13.808333333333332,15.464288
544,14.183333333333335,15.922310999999999
545,13.883333333333333,15.08189
546,13.766666666666667,16.549412
547,13.874999999999998,15.173257999999999
548,12.933333333333335,16.524788
549,12.833333333333336,16.541368
550,13.458333333333336,15.999613
551,14.158333333333333,16.21728
552,14.475,13.9022875
553,13.141666666666666,15.6507
554,13.033333333333333,17.62183
555,15.633333333333335,10.419675
556,14.8,7.8237333
557,15.483333333333334,10.42263
558,15.633333333333335,10.38865
559,16.358333333333334,10.500605
560,15.691666666666665,10.719158
561,15.308333333333332,7.86274
562,15.275,11.215835
563,16.833333333333332,12.414589
564,16.19166666666667,9.030123
565,15.258333333333335,10.860043
566,15.625000000000002,10.111145
567,15.766666666666667,12.088036
568,15.699999999999998,11.288352
569,15.225,11.930693
570,15.416666666666664,11.992511
571,16.675,12.698638
572,16.133333333333333,11.674949
573,15.466666666666667,13.633099
574,15.566666666666668,11.765728999999999
575,15.70833333333333,12.379694
576,15.116666666666665,13.302017999999999
577,15.816666666666665,13.897085
578,15.7,12.889728
579,16.041666666666664,13.937988
580,16.275000000000002,13.115732000000001
581,15.358333333333334,13.873010999999998
582,15.358333333333333,13.862394
583,15.391666666666666,14.161119
584,16.133333333333333,13.667009
585,16.89166666666667,11.976149000000001
586,15.233333333333333,13.430429
587,15.075,14.9387245
588,15.524999999999995,11.010891
589,14.533333333333333,8.291497
590,15.091666666666667,11.510977
591,15.441666666666668,11.224785
592,16.091666666666665,11.349243
593,15.20833333333333,11.325886
594,14.866666666666665,8.562517
595,15.183333333333335,12.146939
596,16.633333333333333,13.071015
597,16.058333333333334,9.420738
598,15.166666666666664,11.949574
599,15.533333333333333,10.714874
600,15.79166666666667,12.617157
601,15.583333333333336,11.839501
602,15.066666666666665,12.723155
603,14.983333333333334,12.436034
604,16.249999999999996,13.702831
605,15.7,12.582189999999999
606,15.116666666666667,14.847806
607,15.108333333333334,12.885705999999999
608,15.433333333333332,12.915506
609,14.941666666666668,14.014185000000001
610,15.266666666666666,14.845822
611,15.016666666666666,13.640385
612,15.508333333333333,14.964495999999999
613,15.7,14.299349
614,15.225,14.781689000000002
615,15.3,14.492645000000001
616,15.616666666666665,14.856989000000002
617,16.341666666666665,14.582849
618,16.383333333333333,13.346437
619,15.574999999999998,14.447526000000002
620,16.724999999999998,15.790635
621,17.558333333333334,12.006467
622,16.483333333333334,8.945541
623,17.133333333333336,11.966208
624,17.275000000000002,11.921761
625,17.900000000000006,12.694332000000001
626,17.016666666666666,12.390414999999999
627,16.075,9.311602
628,16.858333333333334,12.940986
629,18.125,14.326671
630,17.558333333333334,10.411412
631,16.85833333333333,13.582673999999999
632,17.083333333333332,11.884454
633,17.266666666666666,12.852955999999999
634,17.258333333333333,13.056830999999999
635,16.691666666666666,13.967247
636,16.791666666666668,13.015528
637,17.958333333333332,14.476742999999999
638,17.441666666666666,13.748460000000001
639,16.850000000000005,16.007566
640,16.966666666666665,13.718654999999998
641,17.150000000000002,13.985009
642,16.491666666666664,15.2218275
643,16.725,16.7812
644,16.958333333333332,14.843257000000001
645,17.375000000000004,16.649319000000002
646,17.175,16.345057
647,16.525,16.261032
648,16.466666666666665,16.41751
649,16.325,15.750853
650,17.241666666666664,16.255642
651,17.650000000000006,14.2812
652,16.65833333333333,16.05101
653,16.833333333333332,17.839334
654,18.525,9.763794
655,17.358333333333334,7.799383
656,18.258333333333336,10.290644
657,18.475,9.816742999999999
658,18.933333333333334,10.490586
659,17.791666666666668,10.529876
660,17.341666666666665,7.961097200000001
661,17.650000000000006,11.343309
662,18.883333333333333,12.045159
663,18.291666666666664,8.871991
664,17.35,11.072396000000001
665,17.758333333333336,9.526841000000001
666,17.858333333333327,10.798169
667,18.01666666666668,11.618989
668,17.258333333333333,12.483275
669,17.041666666666664,11.627628
670,18.566666666666666,12.595958
671,17.666666666666664,11.465651
672,17.558333333333334,13.916239000000001
673,17.658333333333328,11.543187
674,18.191666666666666,12.315571
675,18.0,13.286922
676,18.141666666666666,14.878188
677,17.841666666666665,12.891382
678,18.383333333333336,14.227389000000002
679,18.20833333333333,14.250661
680,17.59166666666667,13.777179
681,17.575,13.990282
682,17.466666666666665,13.773960999999998
683,18.366666666666667,13.997491
684,18.816666666666666,12.364789
685,17.716666666666672,13.794963000000001
686,17.316666666666666,14.843294
687,16.183333333333334,11.118466999999999
688,15.475,8.708261
689,16.425,11.760002
690,16.316666666666666,11.333661
691,16.941666666666666,11.956986
692,15.841666666666667,11.821094500000001
693,15.550000000000002,9.179447
694,15.758333333333333,12.6489935
695,17.075,13.571204000000002
696,16.833333333333332,10.082582
697,16.025,12.561067
698,16.150000000000002,10.799874
699,16.258333333333333,13.460439000000001
700,16.71666666666667,12.447438
701,16.208333333333332,13.214433999999999
702,15.883333333333328,12.852864
703,16.958333333333332,14.250998499999998
704,16.841666666666665,13.062168
705,16.09166666666667,15.202765
706,16.708333333333332,13.197273000000001
707,17.025,13.175676999999999
708,16.691666666666666,14.697470999999998
709,17.10833333333333,15.737957000000002
710,17.05,14.477935999999998
711,17.366666666666664,15.709913
712,17.591666666666665,15.19771
713,16.816666666666666,15.589373000000002
714,16.916666666666668,15.132285000000001
715,16.941666666666666,15.138209
716,17.558333333333334,15.181713
717,17.516666666666666,13.729356
718,17.025000000000002,14.66208
719,16.633333333333336,16.224204999999998
720,18.4,10.012371
721,17.425,7.9267178
722,18.125,10.783035
723,18.091666666666665,10.672199
724,18.741666666666664,10.936847
725,17.875000000000004,11.069550999999999
726,17.091666666666665,8.501319
727,17.8,11.595758
728,19.091666666666665,12.210358
729,18.483333333333327,9.207825
730,17.641666666666673,11.627142999999998
731,17.766666666666673,10.266989
732,17.933333333333326,11.587786
733,18.1,11.448803
734,17.441666666666666,12.355002
735,17.508333333333336,12.046449
736,18.483333333333334,13.212762
737,17.733333333333334,11.842957499999999
738,17.016666666666666,14.227338
739,17.066666666666666,11.661607
740,17.35833333333333,12.290957
741,16.808333333333334,13.304359
742,17.533333333333335,14.5225525
743,17.991666666666667,12.981049
744,18.091666666666665,14.18948
745,18.041666666666664,13.91252
746,17.4,13.850069
747,17.841666666666665,13.664534
748,17.583333333333332,13.60595
749,18.475,13.780845999999999
750,18.625,12.187059
751,17.041666666666668,13.533935000000001
752,17.46666666666667,14.993313
753,18.416666666666668,9.379992
754,17.26666666666667,7.337134
755,18.133333333333333,10.071832
756,18.3,9.843841000000001
757,19.0,10.009093
758,18.016666666666666,10.354500999999999
759,17.55,7.5864954
760,18.075000000000006,10.621731
761,19.4,10.919701
762,18.64166666666668,8.728669
763,17.575,10.74566
764,17.833333333333332,9.336345
765,17.983333333333327,10.848474000000001
766,17.941666666666666,11.048074
767,17.266666666666666,11.864268
768,17.583333333333332,10.87377
769,18.941666666666666,11.703339
770,18.15,10.653934
771,17.525000000000002,12.685965
772,17.633333333333333,11.089877
773,17.983333333333334,11.635033
774,17.7,12.9266815
775,17.95,13.670312
776,17.933333333333334,12.447134
777,18.666666666666668,13.271713
778,18.633333333333333,13.247368
779,17.866666666666664,12.667053999999998
780,17.808333333333334,12.637621000000001
781,17.65,12.781769
782,18.525,12.152639
783,18.783333333333328,11.68872
784,17.566666666666666,12.658917
785,17.35,13.782195999999999
786,18.733333333333327,7.247111
787,17.266666666666666,5.585354
788,18.6,7.8292084000000015
789,18.966666666666665,7.6275663
790,19.716666666666665,7.025203
791,18.525,7.5690026
792,17.966666666666672,5.8804264
793,18.75833333333333,7.9688516000000025
794,19.741666666666667,8.355692
795,19.066666666666666,6.7918777000000015
796,18.2,8.212581
797,18.433333333333334,7.0572114
798,18.525,8.560595
799,18.341666666666672,8.301537
800,18.125,8.611186
801,18.258333333333336,8.342656
802,19.666666666666668,8.93192
803,18.925,7.9257154000000005
804,18.433333333333334,9.7025585
805,18.375,8.565508
806,18.575,9.099401
807,18.26666666666668,10.147867999999999
808,18.416666666666668,10.341128
809,18.408333333333328,9.411002
810,18.941666666666666,10.360889
811,18.95833333333333,9.794394
812,18.08333333333333,9.2716675
813,18.01666666666668,9.539679
814,17.558333333333334,9.975048
815,18.425,9.925264
816,18.891666666666666,8.785648
817,18.1,9.651117
818,17.75833333333333,11.218843
819,19.83333333333333,7.2284593999999975
820,18.433333333333334,5.7687774
821,19.375,7.563372599999999
822,19.65,7.6711793
823,20.183333333333334,7.5120244000000005
824,19.058333333333334,7.436342999999999
825,18.883333333333333,5.867861
826,19.70833333333333,8.108454
827,20.758333333333333,8.3328705
828,20.033333333333328,6.7132416
829,19.291666666666668,8.163596
830,19.4,6.8283277
831,19.475,8.254365
832,19.391666666666666,8.61716
833,18.9,9.030597
834,19.158333333333328,8.729383
835,20.483333333333327,9.025233
836,19.691666666666666,8.17099
837,19.091666666666672,9.950169
838,19.15,8.906858999999997
839,19.5,8.857134
840,19.525,10.045743
841,19.95,10.886842
842,19.558333333333334,9.654594
843,19.733333333333334,10.524527
844,19.991666666666664,9.4093685
845,19.275,9.522277
846,19.583333333333336,9.942072
847,18.725,10.425985
848,19.483333333333327,9.973103
849,19.858333333333334,9.086344
850,18.991666666666664,9.618496
851,18.6,11.428452
852,18.95833333333333,7.566360499999999
853,17.8,5.8206453
854,18.991666666666664,7.9602194000000015
855,19.266666666666666,8.052135
856,19.941666666666666,7.580137700000001
857,18.65,8.056782
858,18.366666666666664,6.3397775
859,18.891666666666666,8.449662
860,19.966666666666665,8.911255
861,19.283333333333328,7.183225599999999
862,18.291666666666668,8.584304
863,18.666666666666668,7.2355895000000015
864,18.89166666666668,8.282314
865,18.75,8.399775
866,18.341666666666672,9.059289
867,18.55,8.628366
868,19.716666666666665,9.391949
869,19.200000000000006,8.379116
870,18.833333333333336,10.1884985
871,19.133333333333333,8.898543
872,19.441666666666666,9.079768
873,18.983333333333327,10.070182
874,18.95833333333333,10.765797000000001
875,18.83333333333333,10.009821
876,19.33333333333333,10.079197
877,19.525,9.852171
878,19.008333333333333,10.201608
879,18.941666666666666,9.84737
880,18.566666666666666,10.530149
881,19.608333333333327,10.001543
882,19.991666666666667,9.185343
883,19.275,9.900176
884,18.891666666666666,11.587087
885,19.841666666666665,8.425956
886,18.508333333333336,6.829225
887,19.15,8.752057
888,19.83333333333333,8.676192
889,20.433333333333334,9.069505
890,19.008333333333336,8.890042
891,18.633333333333333,6.9856896
892,18.95,9.378972000000001
893,20.225,10.403335
894,19.64166666666668,7.971575
895,18.875,9.644793
896,19.14166666666668,7.943143400000001
897,19.516666666666666,9.070103
898,19.166666666666668,9.746967999999999
899,18.2,10.146873
900,18.441666666666666,10.049558
901,19.65,10.734264
902,19.225,9.530113
903,18.425,11.397293
904,18.741666666666667,10.144425
905,18.991666666666667,10.106224000000001
906,19.008333333333333,11.4387
907,19.258333333333336,11.92337
908,19.133333333333336,11.29204
909,19.483333333333327,11.989725
910,19.508333333333333,10.755432
911,18.883333333333336,10.934757000000001
912,19.008333333333333,11.793124
913,18.366666666666664,11.988425999999999
914,19.483333333333334,11.859752
915,19.725,10.496972
916,18.975,10.785461
917,18.55,12.794455000000001
918,18.0,9.878034
919,17.15,7.474231
920,17.833333333333332,9.984983
921,17.933333333333334,9.567155
922,18.716666666666672,9.691175
923,17.724999999999994,10.108500999999999
924,17.150000000000002,7.638006699999999
925,17.708333333333332,10.788551
926,18.966666666666672,11.358926
927,18.341666666666665,8.858157
928,17.21666666666667,11.0693655
929,17.616666666666667,9.496433
930,17.666666666666668,10.496848
931,17.716666666666665,10.295803999999999
932,17.066666666666666,11.233417999999999
933,17.316666666666666,11.028113000000001
934,18.791666666666664,11.486386999999999
935,17.966666666666665,10.523454
936,17.425,12.963453
937,17.425000000000004,11.089023
938,17.716666666666665,11.422181
939,17.516666666666666,12.675705
940,18.183333333333334,13.478675
941,18.025,12.472489999999999
942,18.025,12.931068
943,18.033333333333328,12.623575
944,17.525,12.869791000000001
945,17.566666666666666,12.175941
946,17.258333333333336,12.842279
947,18.225,13.048721
948,18.591666666666665,11.434053
949,17.158333333333335,12.118394
950,16.983333333333334,13.518689000000002
951,18.633333333333336,8.465812
952,17.649999999999995,6.1624099999999995
953,18.425,8.586056
954,18.658333333333328,8.285552000000001
955,19.475,7.934297
956,18.425,8.60191
957,18.000000000000004,6.3434706
958,18.541666666666668,8.878905
959,19.8,9.3438225
960,19.08333333333333,7.3269925
961,17.849999999999994,9.076847
962,18.15,7.9701514000000016
963,18.33333333333333,9.513721
964,18.233333333333334,9.072410000000001
965,17.875,9.877086
966,18.066666666666666,9.471419000000001
967,19.508333333333336,9.555711
968,18.916666666666668,8.267202000000001
969,18.14166666666668,10.980878
970,18.175,8.974727
971,18.308333333333334,9.85872
972,17.958333333333332,10.665626
973,18.291666666666668,11.136691
974,18.116666666666667,10.108827999999999
975,18.666666666666668,10.732792
976,18.675,10.859475999999999
977,18.066666666666666,10.67487
978,18.033333333333328,10.520882
979,17.766666666666673,10.349163
980,18.74166666666667,10.144672
981,19.083333333333336,9.424631
982,18.041666666666668,10.613897
983,17.766666666666673,11.855080000000001
984,18.458333333333336,10.547464999999999
985,17.375,8.330539
986,18.275,11.184402
987,18.408333333333328,11.151917999999998
988,19.166666666666668,11.842411
989,18.05,11.411203
990,17.891666666666673,8.853601
991,17.95,12.240841
992,19.475,12.462581
993,18.64166666666668,9.729412
994,17.458333333333332,11.953696
995,17.916666666666668,10.329836
996,17.95,12.346826
997,18.11666666666667,11.832558
998,17.491666666666667,12.986997
999,17.741666666666667,12.253304
1000,19.241666666666664,13.283121
1001,18.86666666666667,11.700927
1002,18.200000000000006,14.279207000000001
1003,18.066666666666666,12.303658500000001
1004,18.358333333333327,12.573607
1005,18.15,14.303465
1006,18.658333333333328,14.905320000000001
1007,18.6,13.749472
1008,18.891666666666666,14.391716
1009,18.408333333333328,14.937357
1010,17.908333333333335,14.867245
1011,17.666666666666668,14.981081
1012,17.483333333333334,14.810920999999999
1013,18.55,14.599108
1014,18.933333333333334,13.670698000000002
1015,17.633333333333333,14.704120999999999
1016,17.4,15.694045999999998
1017,19.125,8.740944
1018,17.916666666666664,6.8999369999999995
1019,18.70833333333333,9.2615
1020,18.983333333333334,8.80333
1021,19.266666666666666,8.96885
1022,17.650000000000006,9.098225
1023,17.675,7.118904
1024,18.008333333333333,10.049901
1025,19.5,10.23599
1026,19.08333333333333,8.474392
1027,17.691666666666666,10.285932
1028,18.116666666666664,8.851536
1029,18.183333333333334,10.498417
1030,18.158333333333328,10.297947
1031,17.791666666666668,11.16698
1032,18.091666666666665,10.548108000000001
1033,19.45,11.467653
1034,18.841666666666665,9.999695
1035,18.266666666666666,12.498717999999998
1036,18.366666666666667,10.421596000000001
1037,18.675,11.22541
1038,18.283333333333328,12.539749
1039,18.39166666666668,13.229687
1040,18.283333333333328,12.131878
1041,18.841666666666672,12.486417
1042,18.808333333333334,12.536081
1043,18.233333333333327,12.035046000000001
1044,17.658333333333328,12.250738
1045,17.525000000000002,12.42046
1046,18.85,12.104125999999999
1047,19.316666666666666,10.926149
1048,18.291666666666668,12.035072999999999
1049,18.033333333333328,13.557943
1050,19.883333333333333,8.723476
1051,18.425,7.1235642000000015
1052,19.391666666666666,9.30238
1053,19.466666666666665,9.537898
1054,20.108333333333334,8.97147
1055,18.691666666666666,9.144828
1056,18.75,7.097912299999999
1057,19.316666666666674,9.940535
1058,20.55,10.841234
1059,19.775,7.760973
1060,18.933333333333334,10.035131
1061,19.15,8.37534
1062,19.250000000000004,10.148666
1063,19.108333333333334,10.564649000000001
1064,18.76666666666668,11.315527000000001
1065,18.633333333333336,10.708112
1066,19.666666666666668,11.110555
1067,18.875,10.00618
1068,18.266666666666666,11.921702
1069,18.683333333333334,10.300303999999999
1070,18.533333333333328,11.255672
1071,18.216666666666665,11.722046
1072,18.633333333333336,12.786669999999999
1073,18.558333333333334,11.5226345
1074,18.558333333333334,11.995635
1075,18.716666666666665,11.934782
1076,18.233333333333334,11.719452
1077,17.608333333333327,11.634367
1078,17.516666666666666,12.028357000000002
1079,19.45833333333333,11.77613
1080,19.066666666666666,10.457453999999998
1081,18.033333333333328,11.543363000000001
1082,17.991666666666667,12.771517999999999
1083,19.683333333333334,6.699548700000001
1084,18.316666666666666,5.2713885000000005
1085,19.283333333333328,7.351614
1086,19.441666666666666,7.4766726
1087,20.308333333333334,6.325131
1088,18.983333333333327,6.9196424
1089,18.791666666666668,5.483146
1090,19.125,7.8590399999999985
1091,20.358333333333334,8.211943
1092,19.466666666666665,6.0456157
1093,18.666666666666664,7.7776165
1094,18.975,6.3792753
1095,19.216666666666665,7.277848
1096,19.058333333333334,8.423128
1097,18.45,8.774991
1098,18.616666666666667,7.966983
1099,19.825,8.64386
1100,19.008333333333333,7.965757000000001
1101,18.55,8.911688999999997
1102,18.716666666666672,7.9698615
1103,19.1,8.520133999999999
1104,18.633333333333336,8.971958
1105,18.725,10.314053999999999
1106,18.941666666666666,8.777973
1107,19.26666666666668,9.604958
1108,19.591666666666672,9.011898
1109,19.1,9.0223255
1110,18.95,9.264936
1111,18.191666666666674,9.328214
1112,19.2,9.516342
1113,19.883333333333333,8.289710000000001
1114,18.875,8.970919
1115,18.4,10.266133
1116,18.908333333333328,8.799178999999997
1117,17.591666666666665,7.0889789999999975
1118,18.541666666666668,9.358391000000001
1119,18.816666666666666,9.369133999999999
1120,19.416666666666668,8.91766
1121,18.291666666666668,9.260905000000001
1122,17.983333333333327,7.0784125
1123,18.575,9.559775
1124,19.825,10.418002
1125,19.166666666666668,8.122555
1126,18.225,9.915281
1127,18.533333333333328,8.375558999999999
1128,18.7,10.042419
1129,18.63333333333333,10.309525
1130,17.958333333333336,11.147811
1131,18.341666666666665,10.272471000000001
1132,19.683333333333334,10.808307000000001
1133,18.9,9.534346000000001
1134,18.366666666666664,11.718235
1135,18.608333333333327,10.271713
1136,19.116666666666667,11.167910000000001
1137,18.525,11.734396
1138,18.7,12.564803999999999
1139,18.808333333333334,11.505381
1140,19.733333333333334,12.259367
1141,19.51666666666668,12.002897
1142,18.466666666666665,11.664897999999999
1143,18.458333333333336,11.927669999999999
1144,18.125,11.817035
1145,19.075000000000006,11.9771805
1146,19.625,10.643089999999999
1147,18.525,11.748825
1148,18.258333333333333,13.071564
1149,20.033333333333328,7.442472
1150,18.508333333333336,5.864056
1151,19.3,7.9220915
1152,19.65,8.048211
1153,20.433333333333326,7.388072999999999
1154,19.425,7.3857985
1155,19.275,5.965169
1156,19.791666666666668,8.386024
1157,21.066666666666666,9.075335
1158,19.775,6.9252256999999995
1159,19.066666666666666,8.388202
1160,19.308333333333334,7.0661473
1161,19.65,8.096662
1162,19.541666666666668,8.983382
1163,19.108333333333327,9.63791
1164,19.158333333333328,8.882128999999997
1165,20.241666666666667,9.113878
1166,19.33333333333333,8.422281
1167,18.741666666666664,9.822127
1168,19.158333333333328,9.00662
1169,19.466666666666665,9.181642
1170,19.20833333333333,10.098815
1171,19.258333333333336,11.060761999999999
1172,19.341666666666665,9.679715
1173,19.991666666666667,10.856285
1174,19.966666666666665,9.681389
1175,19.408333333333328,9.59489
1176,19.6,9.935116
1177,18.975,10.272777
1178,20.008333333333333,9.992332000000001
1179,20.316666666666674,8.827875
1180,19.741666666666664,9.544830000000001
1181,19.166666666666664,11.344456
1182,17.916666666666668,9.399201
1183,16.791666666666664,7.5256110000000005
1184,17.791666666666668,9.749879
1185,18.000000000000004,9.7374525
1186,18.8,9.889366
1187,17.650000000000006,9.829642
1188,17.108333333333334,7.659244
1189,17.549999999999994,11.053116000000001
1190,19.016666666666666,11.594313
1191,18.36666666666667,8.94214
1192,17.191666666666666,10.993922999999999
1193,17.691666666666666,9.472638
1194,17.658333333333328,11.953037
1195,17.741666666666664,10.5997
1196,17.26666666666667,12.197716
1197,17.525000000000002,11.520959
1198,18.866666666666667,12.627424000000001
1199,18.258333333333336,11.132128
1200,17.375,13.300831
1201,17.966666666666665,11.259428999999999
1202,17.883333333333336,11.845433
1203,17.36666666666667,12.7834425
1204,17.808333333333334,13.763060999999999
1205,17.516666666666666,12.576195
1206,17.908333333333335,13.325811999999999
1207,17.874999999999996,13.40295
1208,17.35833333333333,13.276075
1209,17.23333333333333,13.225083999999999
1210,17.133333333333333,13.028275500000001
1211,18.25,13.141595
1212,18.416666666666668,11.732652999999999
1213,17.241666666666667,12.850750999999999
1214,17.116666666666667,14.366310999999998
1215,19.166666666666668,9.914497
1216,18.091666666666665,7.9368086
1217,18.89166666666668,10.456467
1218,19.125,10.420048
1219,19.866666666666667,10.231403
1220,18.691666666666666,10.441746
1221,18.39166666666668,8.357353999999999
1222,18.775,11.508761
1223,20.058333333333334,12.051392
1224,19.283333333333328,9.454861
1225,18.091666666666672,11.346063000000001
1226,18.591666666666665,10.06608
1227,18.591666666666672,12.1425085
1228,18.433333333333334,11.714116
1229,18.016666666666666,12.857277999999999
1230,18.291666666666668,12.457173
1231,19.591666666666665,13.721201
1232,18.866666666666664,12.273844
1233,18.1,14.731639999999999
1234,18.616666666666667,12.263686
1235,18.875000000000004,12.557812
1236,18.175,13.885418
1237,18.63333333333333,14.863253
1238,18.408333333333328,13.540871
1239,18.791666666666668,14.362995000000002
1240,19.041666666666668,14.125717999999999
1241,18.466666666666665,13.638404000000001
1242,18.133333333333336,14.369515
1243,18.000000000000004,13.978832
1244,18.95833333333333,13.742807999999998
1245,19.333333333333336,12.552009
1246,18.391666666666666,13.440738
1247,18.083333333333336,15.163642999999999
1248,18.433333333333334,8.912377000000003
1249,17.608333333333334,7.563619
1250,18.225,9.450182
1251,18.608333333333334,9.526104
1252,19.525,9.471702
1253,18.4,9.474461
1254,17.65,7.4243836
1255,17.875,10.442738
1256,19.633333333333333,10.789442
1257,18.841666666666665,8.581875
1258,17.59166666666667,9.966206
1259,17.991666666666664,8.714299
1260,17.991666666666667,10.904041000000001
1261,18.14166666666668,10.055508999999999
1262,17.808333333333334,11.276489
1263,17.9,11.293347
1264,19.441666666666666,11.829023
1265,18.808333333333326,10.228886
1266,18.08333333333333,12.222633
1267,18.716666666666672,10.892396000000002
1268,18.816666666666666,11.185118
1269,17.991666666666667,12.262448
1270,18.475,12.996832000000001
1271,18.275,12.084839
1272,18.691666666666666,12.98105
1273,18.808333333333334,12.618071
1274,18.041666666666668,13.039228
1275,17.933333333333334,13.010981
1276,17.7,12.812124
1277,18.816666666666666,12.6319065
1278,18.83333333333333,11.078372
1279,17.6,12.185915
1280,17.7,13.826861
1281,19.433333333333334,8.12623
1282,18.416666666666668,6.0710998
1283,19.116666666666667,8.65812
1284,19.5,8.825222
1285,20.250000000000004,8.038252
1286,19.041666666666668,8.644419000000001
1287,18.666666666666668,6.900182000000001
1288,19.191666666666666,9.512692999999999
1289,20.591666666666665,9.978579
1290,19.875,8.216519
1291,18.55,9.126744
1292,18.916666666666668,8.125907000000002
1293,19.075000000000006,9.813887
1294,18.558333333333334,9.539587
1295,18.416666666666668,10.422618
1296,18.808333333333334,10.268930000000001
1297,19.95,11.287918
1298,19.08333333333333,9.842455000000001
1299,18.375,12.308415
1300,18.983333333333327,10.078921000000001
1301,19.341666666666672,10.608494
1302,18.125,11.7565
1303,18.725,12.934685
1304,18.566666666666666,11.6894045
1305,18.725,12.423809
1306,19.475,11.656441000000001
1307,18.925,11.768663
1308,18.83333333333333,12.519749000000001
1309,18.675,12.014526
1310,19.325,12.175999000000001
1311,19.75,10.708923
1312,18.75,11.742578
1313,18.425,13.210022
1314,16.975,11.251516
1315,15.949999999999998,8.968535000000003
1316,16.666666666666668,11.249965
1317,16.933333333333334,11.208946000000001
1318,17.633333333333333,12.164202000000001
1319,16.65,11.450141
1320,15.950000000000005,9.193427999999999
1321,16.541666666666668,12.456355
1322,18.125000000000004,13.447358
1323,17.266666666666666,10.2018385
1324,15.883333333333333,11.772566000000001
1325,16.766666666666662,10.439349
1326,16.908333333333335,12.968983
1327,16.383333333333336,11.577767
1328,15.583333333333336,13.112591
1329,16.183333333333334,13.062146
1330,17.508333333333333,14.183387
1331,16.71666666666667,12.441246000000001
1332,16.0,13.781035000000001
1333,16.724999999999998,12.665252
1334,16.875,13.014078999999999
1335,16.175,13.702444
1336,16.908333333333335,15.135967
1337,17.025000000000002,13.912918
1338,17.39166666666667,15.319918
1339,17.48333333333333,15.007195000000001
1340,16.90833333333333,14.965306
1341,16.95,14.835506
1342,16.900000000000002,14.398214999999999
1343,17.716666666666665,8.858264
1344,16.691666666666666,7.33962
1345,17.433333333333334,8.968032000000003
1346,17.999999999999996,9.103233
1347,18.641666666666666,9.077929
1348,17.533333333333335,8.921696
1349,16.766666666666662,7.186904400000001
1350,17.383333333333336,10.155089
1351,18.891666666666666,10.333326
1352,18.258333333333336,8.33422
1353,17.191666666666666,9.4619465
1354,17.591666666666665,8.652693
1355,17.616666666666667,10.3055315
1356,17.583333333333336,9.509314
1357,17.05,11.212471
1358,17.333333333333332,11.317436
1359,18.675000000000004,12.28702
1360,17.816666666666666,10.296681
1361,17.091666666666665,12.200695
1362,17.775000000000006,11.0914755
1363,17.875,11.461283
1364,17.141666666666666,12.166178
1365,17.724999999999994,12.713283
1366,17.6,12.168973
1367,18.158333333333328,12.855097
1368,18.366666666666667,12.288044000000001
1369,17.716666666666672,12.232897
1370,17.533333333333335,11.9189825
1371,17.283333333333335,11.821966
1372,18.250000000000004,12.204839999999999
1373,18.5,10.611205
1374,17.275,11.815358
1375,17.383333333333336,13.005637
1376,15.625,9.119529
1377,15.041666666666664,7.021945
1378,15.699999999999998,9.353277
1379,15.791666666666664,9.3788185
1380,16.483333333333334,9.484621
1381,15.691666666666665,10.261382000000001
1382,15.19166666666667,7.2597647
1383,15.466666666666667,10.918999000000001
1384,17.058333333333334,10.621924
1385,16.375,8.919088
1386,15.408333333333333,10.468982
1387,15.949999999999998,8.809144
1388,15.974999999999996,10.858257
1389,15.525,9.985626
1390,15.016666666666667,11.483141
1391,15.16666666666667,11.126564
1392,16.741666666666667,12.021142
1393,16.05,10.554522
1394,15.508333333333333,11.519007
1395,15.808333333333332,10.803562
1396,15.9,10.934737
1397,15.33333333333333,12.492622
1398,15.791666666666664,13.136579999999999
1399,15.691666666666668,12.096518
1400,16.14166666666667,12.961839999999999
1401,16.666666666666668,12.462143
1402,15.816666666666668,13.120594
1403,15.625000000000002,13.641058
1404,15.583333333333336,12.605492
1405,16.291666666666668,12.679997
1406,16.549999999999994,11.331824000000001
1407,15.008333333333335,12.536214999999999
1408,15.133333333333333,14.455561
1409,16.23333333333333,9.816674
1410,15.55,7.5447063
1411,16.125,9.786845
1412,16.425,9.912263000000001
1413,17.116666666666667,9.76096
1414,16.316666666666666,10.877326
1415,15.633333333333333,7.936091
1416,15.925,11.202735
1417,17.341666666666665,11.52169
1418,16.816666666666666,9.791783
1419,15.75,10.844930999999999
1420,16.133333333333333,9.427373
1421,15.949999999999998,12.286958
1422,15.883333333333333,10.399021000000001
1423,15.0,12.058208
1424,15.025,12.278737
1425,16.64166666666667,13.042002
1426,15.891666666666666,11.977343
1427,15.283333333333333,12.661364
1428,15.633333333333335,11.6871
1429,15.83333333333333,11.95534
1430,15.324999999999998,13.491449
1431,16.241666666666667,14.019336
1432,16.208333333333336,13.235685
1433,16.600000000000005,13.926060000000001
1434,17.008333333333333,13.470398999999999
1435,15.699999999999998,13.913444
1436,15.466666666666667,14.396137
1437,15.641666666666666,13.584060999999998
1438,16.616666666666667,13.788839999999999
1439,17.266666666666666,12.257149
1440,15.808333333333332,13.531804999999999
1441,15.816666666666665,14.923013000000001
1442,16.058333333333334,9.371935
1443,15.383333333333333,7.566277
1444,16.224999999999998,8.903921
1445,16.558333333333334,9.317787
1446,17.55,9.675947
1447,16.883333333333336,10.340075500000001
1448,16.283333333333335,7.2229347000000015
1449,16.533333333333335,10.509471000000001
1450,18.066666666666666,11.085069
1451,17.241666666666667,8.976878999999998
1452,16.183333333333334,10.289577
1453,16.483333333333334,8.733506
1454,16.049999999999994,11.328446000000001
1455,16.075,9.798312
1456,15.508333333333335,11.468708
1457,15.691666666666668,11.579971
1458,17.366666666666664,11.999198
1459,16.633333333333336,10.672722
1460,16.000000000000004,11.612585000000001
1461,16.258333333333333,11.090686999999999
1462,16.258333333333333,11.372380999999999
1463,15.766666666666666,12.436048
1464,16.183333333333334,13.052336
1465,16.425,12.203196
1466,16.883333333333333,12.848488
1467,17.15833333333333,12.204805
1468,16.783333333333335,12.820824
1469,16.458333333333336,13.501415
1470,16.433333333333334,12.167389
1471,16.858333333333334,12.349835
1472,17.458333333333332,11.199383000000001
1473,15.975,12.303997
1474,15.799999999999995,13.439665
1475,15.941666666666665,10.132435000000001
1476,15.208333333333336,8.081114999999999
1477,16.25,9.970094
1478,16.375,10.449996
1479,17.025,10.816599
1480,16.03333333333333,11.224147
1481,15.225,8.292579
1482,15.55833333333333,11.621894000000001
1483,17.116666666666667,11.783063
1484,16.516666666666666,9.964037
1485,15.43333333333333,10.908762
1486,15.816666666666665,9.369648
1487,15.741666666666665,12.585511
1488,15.733333333333333,10.682035
1489,15.1,12.456458
1490,15.3,12.491197999999999
1491,16.858333333333334,13.281569000000001
1492,16.45,12.135499000000001
1493,16.4,12.911027
1494,16.7,12.051145
1495,16.78333333333333,12.153326
1496,15.841666666666667,13.683704
1497,16.633333333333336,14.149968
1498,16.43333333333333,13.377829
1499,16.9,13.962734
1500,17.341666666666665,13.567010999999999
1501,16.60833333333333,14.187598999999999
1502,16.299999999999994,15.126141
1503,16.616666666666667,13.053837
1504,17.275000000000002,14.474364999999999
1505,17.5,10.826614999999999
1506,16.191666666666666,12.934549
1507,16.308333333333334,14.286767999999999
1508,17.258333333333336,7.846539999999999
1509,16.325,6.3595190000000015
1510,17.041666666666664,8.6190405
1511,17.341666666666665,8.444217
1512,18.05,8.31887
1513,16.95,8.940702
1514,16.425,6.8574649999999995
1515,16.974999999999998,9.708391
1516,18.24166666666667,9.772155
1517,17.316666666666666,8.187519
1518,16.616666666666664,8.884286999999997
1519,17.116666666666667,8.073881
1520,17.125000000000004,10.048241
1521,17.083333333333332,9.067803999999999
1522,16.45,10.442449
1523,16.616666666666667,10.439385000000001
1524,18.058333333333334,11.666779
1525,17.316666666666666,9.812994999999999
1526,16.666666666666668,10.942133
1527,17.033333333333335,9.819864
1528,16.941666666666666,10.907096000000001
1529,16.6,11.011645
1530,16.599999999999998,12.419694
1531,16.400000000000002,10.851686
1532,17.099999999999998,12.363888000000001
1533,17.258333333333336,11.795698
1534,16.650000000000002,12.400117999999999
1535,16.333333333333336,11.772451
1536,16.583333333333332,10.701485
1537,17.416666666666668,11.697786
1538,18.066666666666666,9.910511999999999
1539,16.6,11.440533
1540,16.666666666666668,12.772057
1541,17.908333333333328,9.920327
1542,16.941666666666666,8.036732
1543,17.716666666666672,9.970742
1544,18.2,10.213814999999999
1545,18.758333333333333,10.624946000000001
1546,17.608333333333334,10.222012
1547,17.0,8.251339999999999
1548,17.808333333333334,11.239478
1549,19.166666666666668,12.1418915
1550,18.416666666666664,9.513875
1551,17.358333333333334,10.827986
1552,17.875000000000004,9.443829
1553,17.733333333333327,11.568162
1554,17.650000000000006,10.875441
1555,17.19166666666667,12.495080999999999
1556,17.491666666666667,12.358439
1557,18.766666666666666,13.259827
1558,18.000000000000004,11.259611
1559,17.483333333333334,13.024151
1560,17.958333333333332,11.849691
1561,18.125,12.662577
1562,17.48333333333333,13.027933
1563,18.1,14.103451000000002
1564,17.99166666666667,12.772146000000001
1565,18.275,14.180695000000002
1566,18.558333333333334,13.888623999999998
1567,17.958333333333336,14.526994
1568,17.891666666666673,13.989446
1569,17.61666666666667,13.107779999999998
1570,18.666666666666668,13.871792999999998
1571,18.883333333333333,12.402612
1572,17.708333333333336,13.573794
1573,17.741666666666667,14.687629999999999
1574,20.066666666666666,9.963256
1575,18.95,8.448496
1576,19.658333333333328,11.116008
1577,19.966666666666665,11.377103
1578,20.6,12.024457
1579,19.341666666666665,11.109116
1580,18.883333333333333,8.923815
1581,19.491666666666667,11.76705
1582,21.05,12.054939
1583,20.375,9.790543
1584,19.358333333333327,11.3070135
1585,19.516666666666666,10.333049
1586,19.25,11.652101
1587,18.916666666666664,11.821779
1588,19.033333333333328,12.518504
1589,19.75,12.198931
1590,20.791666666666668,13.585735999999999
1591,20.0,11.993174
1592,19.441666666666666,14.845648
1593,19.875000000000004,12.252475
1594,20.15,12.477186999999999
1595,19.508333333333333,13.71817
1596,19.725,14.139860999999998
1597,19.76666666666668,13.661385999999998
1598,20.13333333333333,14.495396
1599,19.991666666666667,13.516987
1600,19.441666666666666,13.89296
1601,19.433333333333334,15.166051999999999
1602,18.883333333333333,14.385357
1603,20.108333333333327,14.540339000000001
1604,20.383333333333333,13.196387
1605,19.491666666666667,14.509876
1606,19.25,15.6683655
1607,20.191666666666666,11.8497925
1608,18.58333333333333,9.804372
1609,19.383333333333336,12.660036
1610,19.95,12.779784
1611,20.33333333333333,12.963758
1612,19.01666666666668,12.715683
1613,18.64166666666668,10.322556500000001
1614,19.408333333333328,13.769089000000001
1615,20.616666666666667,14.434253
1616,20.333333333333336,11.602869
1617,19.38333333333333,13.549093
1618,19.475,12.07526
1619,19.991666666666667,12.657306
1620,19.6,13.310459
1621,19.391666666666666,14.029082
1622,20.0,13.912707000000001
1623,20.483333333333334,15.216967000000002
1624,19.541666666666664,13.969071
1625,19.11666666666667,16.14286
1626,19.591666666666665,13.939781
1627,19.816666666666666,14.208198000000001
1628,19.233333333333327,15.64049
1629,19.450000000000006,17.227089000000007
1630,19.325,15.810303
1631,19.6,17.192167
1632,19.65,14.779817999999999
1633,19.066666666666666,15.782231
1634,19.33333333333333,16.805803
1635,18.475000000000005,15.676228
1636,18.525,8.633063
1637,17.308333333333334,6.916221000000001
1638,17.941666666666666,9.065789
1639,18.26666666666668,9.173219
1640,19.033333333333328,9.142336
1641,17.899999999999995,9.274460000000001
1642,17.40833333333333,7.2987747
1643,17.975,9.947138
1644,19.333333333333336,10.675788
1645,18.641666666666666,8.373777
1646,17.45,9.641202999999999
1647,17.65,8.299172
1648,17.716666666666665,10.415113999999999
1649,17.508333333333333,9.9443035
1650,17.291666666666668,11.018015
1651,17.450000000000006,10.744326
1652,18.86666666666667,11.647085
1653,18.216666666666672,9.584567999999999
1654,17.500000000000004,11.927513000000001
1655,18.025,10.591244
1656,18.383333333333333,10.6669855
1657,17.858333333333327,11.97686
1658,18.375,12.788592
1659,18.091666666666672,11.507725
1660,18.591666666666672,12.849447999999999
1661,18.441666666666674,12.145723
1662,17.916666666666664,12.822545
1663,17.966666666666672,13.035024
1664,17.766666666666673,12.532349
1665,18.7,12.402146
1666,18.575,11.097305
1667,17.941666666666666,11.921634
1668,17.841666666666665,13.430554
1669,19.08333333333333,8.107824
1670,17.925,6.1503305
1671,18.775,8.372707
1672,19.25,8.162539
1673,19.70833333333333,7.847361
1674,18.533333333333328,8.428708
1675,18.091666666666672,6.290922599999999
1676,18.599999999999994,9.044085
1677,20.158333333333328,9.775337
1678,19.433333333333334,7.440997
1679,18.316666666666666,8.7549095
1680,18.433333333333334,7.904516
1681,17.716666666666665,9.178596
1682,17.658333333333328,9.209282
1683,18.100000000000005,9.986616
1684,18.45,9.554314
1685,19.51666666666668,10.394059
1686,18.741666666666667,8.832037
1687,18.183333333333334,11.346516000000001
1688,18.733333333333334,9.118789999999999
1689,19.033333333333328,9.868537
1690,18.35,11.003139
1691,18.683333333333334,12.112377
1692,18.608333333333334,10.686264
1693,19.05,11.644488
1694,19.058333333333334,10.455144
1695,18.8,11.097075
1696,18.883333333333333,11.936531
1697,18.425,11.2902355
1698,19.283333333333328,11.231950999999999
1699,19.39166666666668,10.010824000000001
1700,18.475,10.868595
1701,18.541666666666668,12.343973
1702,18.408333333333328,8.303924
1703,19.441666666666666,9.718117999999999
1704,18.08333333333333,8.021668
1705,18.691666666666666,9.851325
1706,19.066666666666666,9.967557000000001
1707,19.808333333333334,10.0172
1708,18.766666666666666,10.24837
1709,18.091666666666672,8.1888485
1710,18.725,11.24318
1711,20.083333333333336,12.067793
1712,19.425,9.259062
1713,18.541666666666668,10.956958
1714,18.758333333333333,9.275982
1715,18.83333333333333,11.300414
1716,18.741666666666667,10.515605
1717,18.433333333333334,12.484863
1718,18.516666666666666,11.140047000000001
1719,19.683333333333334,12.748832
1720,19.0,11.261834
1721,18.266666666666666,12.988432000000001
1722,18.725,11.756117
1723,19.025,11.474357000000001
1724,18.341666666666665,12.793853
1725,18.575,14.115155999999999
1726,18.425,12.716704
1727,19.158333333333328,13.7970295
1728,18.933333333333326,13.015839
1729,18.25,13.755973999999998
1730,18.191666666666666,14.095552
1731,18.200000000000006,13.261269
1732,19.191666666666666,13.188502
1733,19.158333333333328,12.014441999999999
1734,18.283333333333328,12.898906
1735,18.233333333333327,14.449072
1736,19.441666666666666,11.39837
1737,18.425,9.506446
1738,19.125,11.7121315
1739,19.533333333333328,12.143436999999999
1740,20.066666666666666,12.626965
1741,18.85,12.078842999999999
1742,18.4,9.281558
1743,19.091666666666665,12.7693815
1744,20.45833333333333,14.223273
1745,19.83333333333333,10.601723
1746,18.916666666666668,12.909673
1747,19.233333333333334,11.147948
1748,19.2,12.176542
1749,19.075,12.862282
1750,18.666666666666664,13.797711999999999
1751,18.608333333333327,12.94107
1752,19.841666666666665,14.86452
1753,19.058333333333334,13.254703
1754,18.375000000000004,15.360558
1755,18.95,13.172031
1756,19.3,13.489434
1757,18.825,14.512020999999999
1758,18.925,16.522078
1759,18.875,14.147732000000001
1760,19.341666666666672,15.713954000000001
1761,19.541666666666668,14.722423999999998
1762,19.341666666666665,16.284660000000002
1763,19.183333333333334,15.850775
1764,18.758333333333333,15.155353
1765,19.775,15.260926999999999
1766,19.975,14.0399
1767,19.308333333333334,15.165296
1768,19.233333333333327,16.342972
1769,17.499999999999996,6.953496
1770,16.425,5.810203
1771,17.025000000000002,7.7049804
1772,17.650000000000006,7.944807000000001
1773,18.058333333333334,7.626069
1774,17.158333333333328,7.9379907
1775,16.575,6.349476999999999
1776,17.40833333333333,8.749658
1777,18.608333333333334,9.186147
1778,17.841666666666665,7.2817149999999975
1779,17.158333333333335,7.923432400000001
1780,17.925,7.349334700000001
1781,17.883333333333336,9.25442
1782,17.808333333333334,8.249918
1783,17.21666666666667,9.984828
1784,17.05,9.468544
1785,18.416666666666668,10.846109
1786,17.483333333333334,9.044605
1787,17.025,10.366158500000001
1788,17.433333333333334,9.332137
1789,17.741666666666667,9.976369
1790,16.89166666666667,10.3508215
1791,17.316666666666666,11.102473
1792,17.25,9.867052000000001
1793,17.258333333333336,11.176233
1794,17.325000000000006,10.786449000000001
1795,16.525000000000002,11.594639
1796,16.599999999999998,10.858559
1797,16.191666666666666,10.217514999999999
1798,17.108333333333334,10.665958
1799,17.433333333333334,9.352447999999999
1800,16.116666666666667,10.087191
1801,16.283333333333335,11.401653
1802,18.4,8.660803
1803,17.474999999999998,7.3497295
1804,18.175,8.578496000000001
1805,18.4,8.949092
1806,19.1,8.880396000000003
1807,17.858333333333327,9.010064
1808,17.408333333333335,7.284731
1809,18.191666666666666,9.989213000000001
1810,19.64166666666668,10.983437
1811,18.683333333333334,8.679734
1812,17.65,9.622667
1813,18.116666666666667,8.639028
1814,17.891666666666666,10.617115
1815,18.008333333333333,9.930367
1816,17.51666666666667,11.7181835
1817,17.941666666666666,10.925962
1818,18.891666666666666,12.129009
1819,17.833333333333332,10.696177
1820,17.349999999999998,12.074167
1821,18.191666666666666,11.199869
1822,18.4,11.537882000000002
1823,17.283333333333335,11.893864
1824,17.849999999999994,12.366621
1825,17.658333333333335,11.548883
1826,17.816666666666666,13.071676
1827,18.041666666666668,12.528763
1828,17.333333333333332,13.323514999999999
1829,17.474999999999998,13.529698999999999
1830,16.575,12.076063000000001
1831,18.658333333333328,12.8141575
1832,18.825,10.46525
1833,17.708333333333332,11.2040615
1834,17.758333333333333,12.910442999999999
1835,15.908333333333333,10.896371
1836,15.300000000000002,8.849456
1837,15.825,10.073869
1838,15.983333333333334,10.98775
1839,16.50833333333333,11.128944
1840,15.875000000000005,11.814141000000001
1841,15.08333333333333,8.692924
1842,15.58333333333333,11.870534
1843,17.066666666666666,13.025951
1844,16.525000000000002,10.214327
1845,15.425,11.742147000000001
1846,15.741666666666667,10.1509
1847,15.716666666666665,12.670996
1848,15.583333333333336,11.5045
1849,15.166666666666664,13.0518
1850,15.216666666666667,13.172339000000001
1851,16.791666666666664,13.622359
1852,16.258333333333336,12.631047
1853,15.616666666666667,13.539182
1854,16.058333333333334,12.923135
1855,16.275000000000002,13.178154999999999
1856,15.666666666666664,13.961324
1857,16.025000000000002,15.136189000000002
1858,16.075,13.98584
1859,16.391666666666666,14.843279999999998
1860,16.791666666666668,14.3292465
1861,16.1,15.322507
1862,15.733333333333327,15.21398
1863,15.833333333333336,14.167968
1864,16.658333333333335,14.226334
1865,17.158333333333335,12.422243
1866,15.783333333333333,14.458167000000001
1867,15.741666666666667,16.004862
1868,16.55,10.183442
1869,15.758333333333333,8.250233999999999
1870,16.458333333333332,10.730895
1871,16.73333333333333,10.481669
1872,17.38333333333333,10.859083
1873,16.441666666666666,11.051324000000001
1874,15.75,8.422226
1875,16.175,12.015869
1876,17.658333333333335,12.151836999999999
1877,16.916666666666668,10.244798
1878,15.983333333333327,11.496804
1879,16.308333333333334,9.907214
1880,16.216666666666665,12.691894
1881,16.124999999999996,10.819847
1882,15.275,12.455679
1883,15.525,12.790509
1884,17.333333333333332,13.952895999999999
1885,16.4,12.663772999999999
1886,15.625,13.396069
1887,16.175,12.552694
1888,16.55,12.912461
1889,15.866666666666665,13.689597000000001
1890,16.458333333333336,14.9667845
1891,16.316666666666666,13.549429
1892,16.716666666666665,14.796347
1893,17.133333333333333,13.790496
1894,16.391666666666666,14.5155325
1895,15.991666666666667,14.535301
1896,16.09166666666667,12.80262
1897,16.891666666666666,14.004629999999999
1898,17.258333333333336,12.409450999999999
1899,15.766666666666666,13.840701999999999
1900,15.8,14.678826999999998
1901,16.45,9.948293
1902,16.10833333333333,7.698683
1903,16.599999999999998,9.659778
1904,16.675,9.712622
1905,16.866666666666667,10.085637
1906,15.7,10.301762
1907,14.9,8.156106
1908,15.408333333333333,11.599718
1909,16.849999999999998,11.437481
1910,16.316666666666666,9.283673
1911,15.216666666666667,10.5725765
1912,15.633333333333335,9.091401
1913,15.658333333333333,11.508600999999999
1914,15.416666666666664,9.757368
1915,15.05,11.889399000000001
1916,15.225,11.777791
1917,16.75,12.667252000000001
1918,16.033333333333335,11.276375999999999
1919,15.375,12.585247
1920,15.941666666666668,11.623188
1921,16.14166666666667,11.656625
1922,15.558333333333335,12.976671000000001
1923,15.875000000000002,13.747982999999998
1924,15.650000000000004,13.039516
1925,16.191666666666666,13.734615
1926,16.733333333333334,13.009697000000001
1927,15.808333333333332,13.8470745
1928,15.533333333333333,14.767773000000002
1929,15.608333333333334,13.042566
1930,16.341666666666665,13.945735999999998
1931,16.908333333333335,11.9628
1932,15.9,13.514694
1933,15.84166666666667,15.257534
1934,17.083333333333332,8.55979
1935,16.083333333333336,7.0226254
1936,16.408333333333335,8.974169999999997
1937,16.641666666666662,9.524443
1938,17.249999999999996,9.03232
1939,16.28333333333333,9.696986
1940,15.533333333333335,7.2349440000000005
1941,16.191666666666666,10.625765
1942,17.808333333333334,10.680361
1943,17.308333333333334,9.051403
1944,16.191666666666666,9.801994
1945,16.608333333333334,8.764965
1946,16.599999999999998,10.5005865
1947,16.325000000000006,9.57057
1948,15.983333333333333,11.23916
1949,16.291666666666664,11.110891
1950,17.741666666666667,12.213207
1951,16.983333333333334,11.031915
1952,16.375,11.523007000000002
1953,16.883333333333333,11.075457
1954,16.791666666666664,11.270153
1955,16.133333333333336,12.078361
1956,16.775000000000002,13.122825
1957,16.7,11.564625
1958,17.058333333333334,12.689805999999999
1959,17.516666666666666,12.597101
1960,16.841666666666665,13.299509
1961,16.7,12.847337
1962,16.750000000000004,11.668886
1963,17.741666666666667,12.147768
1964,18.20833333333333,10.572807000000001
1965,16.741666666666667,12.009297
1966,16.683333333333334,13.488207000000001
